date,browser,visits
2016-09-15,Chrome,12184773
2016-09-15,Safari,6446412
2016-09-15,Internet Explorer,5093466
2016-09-15,Firefox,2126016
2016-09-15,Edge,863418
2016-09-15,Safari (in-app),343846
2016-09-15,Android Browser,187638
2016-09-15,Opera Mini,73223
2016-09-15,Amazon Silk,72874
2016-09-15,Opera,55349
2016-09-15,UC Browser,43510
2016-09-15,BlackBerry,16629
2016-09-15,ELB-HealthChecker,6797
2016-09-15,YaBrowser,5162
2016-09-15,Mozilla Compatible Agent,4664
2016-09-15,Maxthon,4076
2016-09-15,Coc Coc,3417
2016-09-15,SeaMonkey,2522
2016-09-15,IE with Chrome Frame,1051
2016-09-15,Nokia Browser,995
2016-09-15,YE,506
2016-09-15,Mozilla,438
2016-09-15,Iron,436
2016-09-15,Tracker,393
2016-09-15,MRCHROME,389
2016-09-15,Nintendo Browser,382
2016-09-15,NetFront,325
2016-09-15,Playstation Vita Browser,261
2016-09-15,Playstation 3,235
2016-09-15,DDG-Android-3.0.12,163
2016-09-15,ios-app,159
2016-09-15,Android Runtime,152
2016-09-15,Netscape,139
2016-09-15,Job Search,114
2016-09-15,casper,114
2016-09-15,Uzbl,109
2016-09-15,Caremark iPhone,101
2016-09-16,Chrome,10704204
2016-09-16,Safari,5786664
2016-09-16,Internet Explorer,4372353
2016-09-16,Firefox,1878456
2016-09-16,Edge,755543
2016-09-16,Safari (in-app),320639
2016-09-16,Android Browser,177691
2016-09-16,Amazon Silk,69866
2016-09-16,Opera Mini,65298
2016-09-16,Opera,54428
2016-09-16,UC Browser,44389
2016-09-16,BlackBerry,15279
2016-09-16,ELB-HealthChecker,7342
2016-09-16,YaBrowser,5199
2016-09-16,Mozilla Compatible Agent,4396
2016-09-16,Maxthon,3765
2016-09-16,Coc Coc,3225
2016-09-16,SeaMonkey,2358
2016-09-16,Nokia Browser,974
2016-09-16,IE with Chrome Frame,827
2016-09-16,YE,480
2016-09-16,Mozilla,440
2016-09-16,Iron,415
2016-09-16,Nintendo Browser,398
2016-09-16,MRCHROME,371
2016-09-16,NetFront,343
2016-09-16,Tracker,275
2016-09-16,Playstation 3,244
2016-09-16,Playstation Vita Browser,178
2016-09-16,DDG-Android-3.0.12,154
2016-09-16,Phantom Browser,137
2016-09-16,ios-app,137
2016-09-16,Android Runtime,128
2016-09-16,Digg,127
2016-09-16,Netscape,119
2016-09-16,Caremark iPhone,108
2016-09-16,AdobeAIR,107
2016-09-16,Uzbl,101
2016-09-17,Chrome,6737398
2016-09-17,Safari,4693843
2016-09-17,Internet Explorer,1256984
2016-09-17,Firefox,1077809
2016-09-17,Edge,534268
2016-09-17,Safari (in-app),271070
2016-09-17,Android Browser,159674
2016-09-17,Amazon Silk,67166
2016-09-17,Opera Mini,59799
2016-09-17,Opera,46902
2016-09-17,UC Browser,40031
2016-09-17,BlackBerry,13085
2016-09-17,ELB-HealthChecker,6770
2016-09-17,YaBrowser,5096
2016-09-17,Maxthon,3449
2016-09-17,Mozilla Compatible Agent,3247
2016-09-17,Coc Coc,2933
2016-09-17,SeaMonkey,1919
2016-09-17,Nokia Browser,890
2016-09-17,Nintendo Browser,420
2016-09-17,YE,403
2016-09-17,Mozilla,392
2016-09-17,MRCHROME,378
2016-09-17,NetFront,318
2016-09-17,IE with Chrome Frame,312
2016-09-17,Iron,294
2016-09-17,Playstation 3,227
2016-09-17,Playstation Vita Browser,192
2016-09-17,Netscape,132
2016-09-17,Tracker,126
2016-09-17,DDG-Android-3.0.12,121
2016-09-17,Uzbl,104
2016-09-17,Android Runtime,101
2016-09-18,Chrome,6846737
2016-09-18,Safari,4437326
2016-09-18,Internet Explorer,1206858
2016-09-18,Firefox,1108043
2016-09-18,Edge,580486
2016-09-18,Safari (in-app),251110
2016-09-18,Android Browser,158551
2016-09-18,Amazon Silk,67660
2016-09-18,Opera Mini,65230
2016-09-18,Opera,45447
2016-09-18,UC Browser,41617
2016-09-18,BlackBerry,13223
2016-09-18,ELB-HealthChecker,6713
2016-09-18,YaBrowser,4991
2016-09-18,Maxthon,3843
2016-09-18,Coc Coc,3332
2016-09-18,Mozilla Compatible Agent,3041
2016-09-18,SeaMonkey,1798
2016-09-18,Nokia Browser,977
2016-09-18,Nintendo Browser,472
2016-09-18,YE,426
2016-09-18,MRCHROME,371
2016-09-18,Mozilla,349
2016-09-18,NetFront,317
2016-09-18,IE with Chrome Frame,309
2016-09-18,Iron,278
2016-09-18,Playstation Vita Browser,211
2016-09-18,Playstation 3,191
2016-09-18,Android Runtime,177
2016-09-18,DDG-Android-3.0.12,141
2016-09-18,Job Search,123
2016-09-18,Tracker,121
2016-09-18,Netscape,119
2016-09-18,Uzbl,115
2016-09-19,Chrome,12791353
2016-09-19,Safari,6397655
2016-09-19,Internet Explorer,5321547
2016-09-19,Firefox,2265294
2016-09-19,Edge,924609
2016-09-19,Safari (in-app),343390
2016-09-19,Android Browser,186153
2016-09-19,Opera,84221
2016-09-19,Amazon Silk,74094
2016-09-19,Opera Mini,74010
2016-09-19,UC Browser,42741
2016-09-19,BlackBerry,16400
2016-09-19,YaBrowser,8158
2016-09-19,ELB-HealthChecker,6280
2016-09-19,Maxthon,5356
2016-09-19,Mozilla Compatible Agent,4537
2016-09-19,Coc Coc,4382
2016-09-19,SeaMonkey,2491
2016-09-19,IE with Chrome Frame,1019
2016-09-19,Nokia Browser,959
2016-09-19,Iron,895
2016-09-19,YE,700
2016-09-19,Amazon Route 53 Health Check Service; ref:8e0b0548-9f02-45e4-809f-9cad76972358; report http:,644
2016-09-19,MRCHROME,587
2016-09-19,Mozilla,460
2016-09-19,Nintendo Browser,380
2016-09-19,NetFront,331
2016-09-19,Playstation 3,283
2016-09-19,Playstation Vita Browser,230
2016-09-19,Nichrome,216
2016-09-19,DDG-Android-3.0.12,150
2016-09-19,Android Runtime,145
2016-09-19,Netscape,138
2016-09-19,Phantom Browser,132
2016-09-19,ios-app,121
2016-09-19,Tracker,120
2016-09-19,Job Search,119
2016-09-19,Uzbl,113
2016-09-19,Caremark iPhone,112
2016-09-20,Chrome,12714049
2016-09-20,Safari,6358798
2016-09-20,Internet Explorer,5282126
2016-09-20,Firefox,2209934
2016-09-20,Edge,892936
2016-09-20,Safari (in-app),370140
2016-09-20,Android Browser,190373
2016-09-20,Opera,106674
2016-09-20,Opera Mini,74751
2016-09-20,Amazon Silk,73146
2016-09-20,UC Browser,43113
2016-09-20,BlackBerry,16786
2016-09-20,YaBrowser,10381
2016-09-20,Maxthon,5132
2016-09-20,ELB-HealthChecker,5116
2016-09-20,Mozilla Compatible Agent,4543
2016-09-20,Coc Coc,3817
2016-09-20,SeaMonkey,2453
2016-09-20,Amazon Route 53 Health Check Service; ref:8e0b0548-9f02-45e4-809f-9cad76972358; report http:,2251
2016-09-20,Iron,1350
2016-09-20,Nokia Browser,974
2016-09-20,IE with Chrome Frame,973
2016-09-20,Mozilla,942
2016-09-20,MRCHROME,649
2016-09-20,YE,603
2016-09-20,Nintendo Browser,364
2016-09-20,Nichrome,354
2016-09-20,NetFront,294
2016-09-20,pa11y,283
2016-09-20,Playstation 3,262
2016-09-20,Playstation Vita Browser,208
2016-09-20,Netscape,162
2016-09-20,DDG-Android-3.0.12,151
2016-09-20,casper,142
2016-09-20,Job Search,130
2016-09-20,Phantom Browser,127
2016-09-20,Tracker,127
2016-09-20,Android Runtime,114
2016-09-20,ios-app,111
2016-09-20,Uzbl,104
2016-09-21,Chrome,12804360
2016-09-21,Safari,6596253
2016-09-21,Internet Explorer,5211326
2016-09-21,Firefox,2211279
2016-09-21,Edge,890422
2016-09-21,Safari (in-app),396849
2016-09-21,Android Browser,194422
2016-09-21,Opera,115324
2016-09-21,Amazon Silk,75165
2016-09-21,Opera Mini,74508
2016-09-21,UC Browser,43021
2016-09-21,BlackBerry,16829
2016-09-21,YaBrowser,10782
2016-09-21,Maxthon,5195
2016-09-21,Mozilla Compatible Agent,5105
2016-09-21,ELB-HealthChecker,4755
2016-09-21,Coc Coc,4241
2016-09-21,Amazon Route 53 Health Check Service; ref:8e0b0548-9f02-45e4-809f-9cad76972358; report http:,2524
2016-09-21,SeaMonkey,2510
2016-09-21,Iron,1454
2016-09-21,pa11y,1132
2016-09-21,IE with Chrome Frame,1007
2016-09-21,Nokia Browser,994
2016-09-21,MRCHROME,636
2016-09-21,YE,597
2016-09-21,Mozilla,480
2016-09-21,Nichrome,450
2016-09-21,Nintendo Browser,435
2016-09-21,NetFront,296
2016-09-21,Playstation 3,267
2016-09-21,DDG-Android-3.0.12,184
2016-09-21,Playstation Vita Browser,184
2016-09-21,Job Search,142
2016-09-21,Netscape,141
2016-09-21,Tracker,130
2016-09-21,Phantom Browser,126
2016-09-21,ios-app,126
2016-09-21,casper,124
2016-09-21,Caremark iPhone,121
2016-09-21,Uzbl,109
2016-09-22,Chrome,12383888
2016-09-22,Safari,6413942
2016-09-22,Internet Explorer,5044406
2016-09-22,Firefox,2122033
2016-09-22,Edge,849317
2016-09-22,Safari (in-app),388996
2016-09-22,Android Browser,188393
2016-09-22,Opera,110457
2016-09-22,Opera Mini,73733
2016-09-22,Amazon Silk,73324
2016-09-22,UC Browser,43311
2016-09-22,BlackBerry,16297
2016-09-22,YaBrowser,10748
2016-09-22,Maxthon,4908
2016-09-22,Mozilla Compatible Agent,4804
2016-09-22,ELB-HealthChecker,4552
2016-09-22,Coc Coc,4176
2016-09-22,Amazon Route 53 Health Check Service; ref:8e0b0548-9f02-45e4-809f-9cad76972358; report http:,2650
2016-09-22,SeaMonkey,2429
2016-09-22,Iron,1434
2016-09-22,pa11y,1026
2016-09-22,IE with Chrome Frame,1002
2016-09-22,Mozilla,995
2016-09-22,Nokia Browser,879
2016-09-22,MRCHROME,634
2016-09-22,YE,527
2016-09-22,Nintendo Browser,444
2016-09-22,Nichrome,424
2016-09-22,NetFront,300
2016-09-22,Playstation 3,293
2016-09-22,Job Search,222
2016-09-22,Playstation Vita Browser,202
2016-09-22,casper,178
2016-09-22,DDG-Android-3.0.12,169
2016-09-22,Netscape,167
2016-09-22,Tracker,148
2016-09-22,ios-app,130
2016-09-22,Phantom Browser,121
2016-09-22,Caremark iPhone,116
2016-09-22,Uzbl,109
2016-09-23,Chrome,13721236
2016-09-23,Safari,6013594
2016-09-23,Internet Explorer,4410856
2016-09-23,Safari (in-app),2611644
2016-09-23,Firefox,1944125
2016-09-23,Edge,786757
2016-09-23,Android Browser,244722
2016-09-23,Opera,111276
2016-09-23,Amazon Silk,81094
2016-09-23,Opera Mini,70006
2016-09-23,UC Browser,41444
2016-09-23,BlackBerry,16658
2016-09-23,YaBrowser,10603
2016-09-23,ELB-HealthChecker,4898
2016-09-23,Mozilla Compatible Agent,4583
2016-09-23,Maxthon,4432
2016-09-23,Coc Coc,3885
2016-09-23,Amazon Route 53 Health Check Service; ref:8e0b0548-9f02-45e4-809f-9cad76972358; report http:,2318
2016-09-23,SeaMonkey,2281
2016-09-23,Iron,1468
2016-09-23,pa11y,1274
2016-09-23,Nokia Browser,965
2016-09-23,Mozilla,882
2016-09-23,IE with Chrome Frame,881
2016-09-23,(not set),854
2016-09-23,MRCHROME,613
2016-09-23,YE,537
2016-09-23,Emb,521
2016-09-23,Nintendo Browser,467
2016-09-23,Nichrome,458
2016-09-23,NetFront,270
2016-09-23,Job Search,259
2016-09-23,Playstation 3,222
2016-09-23,Playstation Vita Browser,206
2016-09-23,DDG-Android-3.0.12,156
2016-09-23,Netscape,150
2016-09-23,Tracker,128
2016-09-23,Phantom Browser,120
2016-09-23,AdobeAIR,111
2016-09-23,casper,111
2016-09-23,Uzbl,106
2016-09-23,ios-app,104
2016-09-24,Chrome,8118245
2016-09-24,Safari,4823381
2016-09-24,Internet Explorer,1255952
2016-09-24,Firefox,1089645
2016-09-24,Safari (in-app),1052493
2016-09-24,Edge,547544
2016-09-24,Android Browser,193665
2016-09-24,Opera,95955
2016-09-24,Amazon Silk,71882
2016-09-24,Opera Mini,62127
2016-09-24,UC Browser,41390
2016-09-24,BlackBerry,14222
2016-09-24,YaBrowser,9378
2016-09-24,ELB-HealthChecker,4610
2016-09-24,Maxthon,3314
2016-09-24,Mozilla Compatible Agent,3280
2016-09-24,Coc Coc,3227
2016-09-24,Amazon Route 53 Health Check Service; ref:8e0b0548-9f02-45e4-809f-9cad76972358; report http:,2673
2016-09-24,Mozilla,2076
2016-09-24,SeaMonkey,1766
2016-09-24,Iron,1249
2016-09-24,Nokia Browser,869
2016-09-24,MRCHROME,664
2016-09-24,YE,439
2016-09-24,Nintendo Browser,430
2016-09-24,Nichrome,405
2016-09-24,(not set),341
2016-09-24,osee2unifiedRelease,304
2016-09-24,NetFront,266
2016-09-24,IE with Chrome Frame,263
2016-09-24,Playstation 3,238
2016-09-24,Playstation Vita Browser,230
2016-09-24,Job Search,157
2016-09-24,Uzbl,125
2016-09-24,Netscape,120
2016-09-24,Tracker,117
2016-09-24,DDG-Android-3.0.12,114
2016-09-25,Chrome,7763567
2016-09-25,Safari,4549950
2016-09-25,Internet Explorer,1227651
2016-09-25,Firefox,1114018
2016-09-25,Edge,592814
2016-09-25,Safari (in-app),560792
2016-09-25,Android Browser,185426
2016-09-25,Opera,73993
2016-09-25,Amazon Silk,69565
2016-09-25,Opera Mini,69347
2016-09-25,UC Browser,53362
2016-09-25,BlackBerry,13963
2016-09-25,YaBrowser,7492
2016-09-25,Coc Coc,7396
2016-09-25,ELB-HealthChecker,4559
2016-09-25,Maxthon,3700
2016-09-25,Mozilla Compatible Agent,3269
2016-09-25,Amazon Route 53 Health Check Service; ref:8e0b0548-9f02-45e4-809f-9cad76972358; report http:,2778
2016-09-25,SeaMonkey,1783
2016-09-25,Nokia Browser,936
2016-09-25,Iron,710
2016-09-25,MRCHROME,578
2016-09-25,osee2unifiedRelease,523
2016-09-25,YE,481
2016-09-25,Nintendo Browser,437
2016-09-25,pa11y,340
2016-09-25,Mozilla,309
2016-09-25,IE with Chrome Frame,300
2016-09-25,NetFront,275
2016-09-25,Nichrome,249
2016-09-25,Playstation 3,232
2016-09-25,Playstation Vita Browser,188
2016-09-25,(not set),163
2016-09-25,Job Search,149
2016-09-25,Tracker,131
2016-09-25,DDG-Android-3.0.12,122
2016-09-25,Netscape,120
2016-09-26,Chrome,13496762
2016-09-26,Safari,6442784
2016-09-26,Internet Explorer,5320472
2016-09-26,Firefox,2273172
2016-09-26,Edge,919986
2016-09-26,Safari (in-app),514010
2016-09-26,Android Browser,202556
2016-09-26,Opera,131800
2016-09-26,Opera Mini,75357
2016-09-26,Amazon Silk,72676
2016-09-26,UC Browser,55072
2016-09-26,BlackBerry,16739
2016-09-26,YaBrowser,11829
2016-09-26,Coc Coc,9022
2016-09-26,Maxthon,5446
2016-09-26,Mozilla Compatible Agent,4908
2016-09-26,ELB-HealthChecker,4544
2016-09-26,Amazon Route 53 Health Check Service; ref:8e0b0548-9f02-45e4-809f-9cad76972358; report http:,2734
2016-09-26,SeaMonkey,2648
2016-09-26,Iron,1572
2016-09-26,IE with Chrome Frame,1023
2016-09-26,Nokia Browser,986
2016-09-26,MRCHROME,799
2016-09-26,YE,663
2016-09-26,Mozilla,593
2016-09-26,Nintendo Browser,450
2016-09-26,Nichrome,425
2016-09-26,osee2unifiedRelease,412
2016-09-26,pa11y,400
2016-09-26,Playstation 3,271
2016-09-26,NetFront,269
2016-09-26,Playstation Vita Browser,230
2016-09-26,Job Search,189
2016-09-26,Netscape,172
2016-09-26,Tracker,138
2016-09-26,DDG-Android-3.0.12,137
2016-09-26,Phantom Browser,119
2016-09-26,Android Runtime,118
2016-09-26,(not set),112
2016-09-26,ios-app,108
2016-09-27,Chrome,13237868
2016-09-27,Safari,6280889
2016-09-27,Internet Explorer,5308257
2016-09-27,Firefox,2225947
2016-09-27,Edge,907083
2016-09-27,Safari (in-app),460487
2016-09-27,Android Browser,201593
2016-09-27,Opera,154537
2016-09-27,Opera Mini,82062
2016-09-27,UC Browser,76569
2016-09-27,Amazon Silk,71571
2016-09-27,BlackBerry,17406
2016-09-27,YaBrowser,13571
2016-09-27,Coc Coc,6394
2016-09-27,Maxthon,5218
2016-09-27,Mozilla Compatible Agent,4589
2016-09-27,ELB-HealthChecker,4537
2016-09-27,Amazon Route 53 Health Check Service; ref:8e0b0548-9f02-45e4-809f-9cad76972358; report http:,2776
2016-09-27,SeaMonkey,2562
2016-09-27,Iron,1711
2016-09-27,Nokia Browser,1284
2016-09-27,IE with Chrome Frame,1038
2016-09-27,MRCHROME,988
2016-09-27,YE,689
2016-09-27,Nintendo Browser,534
2016-09-27,Mozilla,489
2016-09-27,Nichrome,455
2016-09-27,NetFront,360
2016-09-27,Job Search,258
2016-09-27,Playstation 3,247
2016-09-27,osee2unifiedRelease,200
2016-09-27,Playstation Vita Browser,182
2016-09-27,Netscape,167
2016-09-27,Android Runtime,150
2016-09-27,Tracker,146
2016-09-27,DDG-Android-3.0.12,130
2016-09-27,ios-app,116
2016-09-27,Phantom Browser,109
2016-09-28,Chrome,13190023
2016-09-28,Safari,6408821
2016-09-28,Internet Explorer,5312777
2016-09-28,Firefox,2231433
2016-09-28,Edge,910056
2016-09-28,Safari (in-app),419271
2016-09-28,Android Browser,205999
2016-09-28,Opera,164705
2016-09-28,UC Browser,82930
2016-09-28,Opera Mini,82826
2016-09-28,Amazon Silk,74929
2016-09-28,BlackBerry,17519
2016-09-28,YaBrowser,14353
2016-09-28,ELB-HealthChecker,7111
2016-09-28,Maxthon,5221
2016-09-28,Mozilla Compatible Agent,5051
2016-09-28,Coc Coc,4611
2016-09-28,Amazon Route 53 Health Check Service; ref:8e0b0548-9f02-45e4-809f-9cad76972358; report http:,3923
2016-09-28,SeaMonkey,2674
2016-09-28,Iron,2093
2016-09-28,Nokia Browser,1262
2016-09-28,IE with Chrome Frame,993
2016-09-28,MRCHROME,936
2016-09-28,YE,567
2016-09-28,Nintendo Browser,497
2016-09-28,Mozilla,484
2016-09-28,Nichrome,421
2016-09-28,NetFront,364
2016-09-28,Job Search,243
2016-09-28,Playstation Vita Browser,223
2016-09-28,Netscape,196
2016-09-28,Playstation 3,194
2016-09-28,DDG-Android-3.0.12,180
2016-09-28,Tracker,142
2016-09-28,osee2unifiedRelease,140
2016-09-28,Phantom Browser,115
2016-09-28,ios-app,114
2016-09-28,Uzbl,101
2016-09-29,Chrome,12634051
2016-09-29,Safari,6220333
2016-09-29,Internet Explorer,5172735
2016-09-29,Firefox,2148538
2016-09-29,Edge,879465
2016-09-29,Safari (in-app),418473
2016-09-29,Android Browser,193926
2016-09-29,Opera,132051
2016-09-29,Opera Mini,78945
2016-09-29,Amazon Silk,73093
2016-09-29,UC Browser,64864
2016-09-29,BlackBerry,16486
2016-09-29,YaBrowser,13524
2016-09-29,ELB-HealthChecker,7444
2016-09-29,Maxthon,5133
2016-09-29,Mozilla Compatible Agent,4792
2016-09-29,Amazon Route 53 Health Check Service; ref:8e0b0548-9f02-45e4-809f-9cad76972358; report http:,4490
2016-09-29,Coc Coc,4348
2016-09-29,SeaMonkey,2621
2016-09-29,Iron,1705
2016-09-29,Nokia Browser,1134
2016-09-29,IE with Chrome Frame,1053
2016-09-29,MRCHROME,746
2016-09-29,Mozilla,432
2016-09-29,Nintendo Browser,413
2016-09-29,Nichrome,398
2016-09-29,NetFront,387
2016-09-29,YE,238
2016-09-29,osee2unifiedRelease,229
2016-09-29,Playstation 3,205
2016-09-29,Playstation Vita Browser,197
2016-09-29,Netscape,174
2016-09-29,Tracker,149
2016-09-29,DDG-Android-3.0.12,147
2016-09-29,ios-app,144
2016-09-29,Uzbl,106
2016-09-29,Android Runtime,105
2016-09-29,Job Search,103
2016-09-30,Chrome,11387819
2016-09-30,Safari,5748059
2016-09-30,Internet Explorer,4487459
2016-09-30,Firefox,1924598
2016-09-30,Edge,775650
2016-09-30,Safari (in-app),463935
2016-09-30,Android Browser,190226
2016-09-30,Opera,96175
2016-09-30,UC Browser,86725
2016-09-30,Opera Mini,70541
2016-09-30,Amazon Silk,67678
2016-09-30,BlackBerry,15742
2016-09-30,YaBrowser,9826
2016-09-30,ELB-HealthChecker,7497
2016-09-30,Amazon Route 53 Health Check Service; ref:8e0b0548-9f02-45e4-809f-9cad76972358; report http:,4357
2016-09-30,Maxthon,4145
2016-09-30,Mozilla Compatible Agent,4143
2016-09-30,Coc Coc,3774
2016-09-30,SeaMonkey,2375
2016-09-30,Nokia Browser,1275
2016-09-30,Iron,1079
2016-09-30,IE with Chrome Frame,953
2016-09-30,MRCHROME,687
2016-09-30,Nintendo Browser,408
2016-09-30,Mozilla,405
2016-09-30,NetFront,341
2016-09-30,Nichrome,339
2016-09-30,Playstation Vita Browser,234
2016-09-30,Playstation 3,190
2016-09-30,Netscape,182
2016-09-30,YE,179
2016-09-30,Emb,177
2016-09-30,osee2unifiedRelease,167
2016-09-30,Tracker,149
2016-09-30,DDG-Android-3.0.12,131
2016-09-30,(not set),113
2016-09-30,Uzbl,113
2016-09-30,Phantom Browser,110
2016-09-30,Job Search,109
2016-09-30,ios-app,107
2016-10-01,Chrome,7527978
2016-10-01,Safari,4774611
2016-10-01,Internet Explorer,1323033
2016-10-01,Firefox,1133561
2016-10-01,Edge,576369
2016-10-01,Safari (in-app),409454
2016-10-01,Android Browser,179871
2016-10-01,UC Browser,118037
2016-10-01,Opera,86813
2016-10-01,Opera Mini,69924
2016-10-01,Amazon Silk,65533
2016-10-01,BlackBerry,14752
2016-10-01,YaBrowser,9074
2016-10-01,ELB-HealthChecker,7479
2016-10-01,Amazon Route 53 Health Check Service; ref:8e0b0548-9f02-45e4-809f-9cad76972358; report http:,4470
2016-10-01,Coc Coc,3435
2016-10-01,Mozilla Compatible Agent,3301
2016-10-01,Maxthon,3251
2016-10-01,SeaMonkey,1858
2016-10-01,Nokia Browser,1497
2016-10-01,Iron,879
2016-10-01,MRCHROME,576
2016-10-01,Nintendo Browser,413
2016-10-01,Mozilla,383
2016-10-01,IE with Chrome Frame,307
2016-10-01,NetFront,298
2016-10-01,Nichrome,261
2016-10-01,Playstation Vita Browser,212
2016-10-01,Playstation 3,208
2016-10-01,Netscape,173
2016-10-01,DDG-Android-3.0.12,160
2016-10-01,YE,145
2016-10-01,Tracker,144
2016-10-01,(not set),109
2016-10-02,Chrome,7695473
2016-10-02,Safari,4605082
2016-10-02,Internet Explorer,1264666
2016-10-02,Firefox,1157984
2016-10-02,Edge,618371
2016-10-02,Safari (in-app),352542
2016-10-02,Android Browser,183947
2016-10-02,UC Browser,138331
2016-10-02,Opera,93844
2016-10-02,Opera Mini,78108
2016-10-02,Amazon Silk,66618
2016-10-02,BlackBerry,15000
2016-10-02,YaBrowser,10107
2016-10-02,ELB-HealthChecker,7590
2016-10-02,Amazon Route 53 Health Check Service; ref:8e0b0548-9f02-45e4-809f-9cad76972358; report http:,4330
2016-10-02,Coc Coc,4024
2016-10-02,Maxthon,3532
2016-10-02,Mozilla Compatible Agent,3002
2016-10-02,Nokia Browser,1846
2016-10-02,SeaMonkey,1797
2016-10-02,Iron,941
2016-10-02,MRCHROME,710
2016-10-02,Nintendo Browser,440
2016-10-02,Mozilla,408
2016-10-02,IE with Chrome Frame,314
2016-10-02,NetFront,309
2016-10-02,Nichrome,253
2016-10-02,Playstation Vita Browser,233
2016-10-02,Playstation 3,225
2016-10-02,Netscape,168
2016-10-02,YE,141
2016-10-02,DDG-Android-3.0.12,134
2016-10-02,Tracker,117
2016-10-02,Job Search,115
2016-10-03,Chrome,13527006
2016-10-03,Safari,6454357
2016-10-03,Internet Explorer,5415372
2016-10-03,Firefox,2306494
2016-10-03,Edge,965620
2016-10-03,Safari (in-app),403934
2016-10-03,Android Browser,208299
2016-10-03,Opera,130643
2016-10-03,UC Browser,127122
2016-10-03,Opera Mini,89799
2016-10-03,Amazon Silk,74861
2016-10-03,BlackBerry,16892
2016-10-03,YaBrowser,13414
2016-10-03,ELB-HealthChecker,7473
2016-10-03,Coc Coc,5057
2016-10-03,Maxthon,4921
2016-10-03,Mozilla Compatible Agent,4809
2016-10-03,Amazon Route 53 Health Check Service; ref:8e0b0548-9f02-45e4-809f-9cad76972358; report http:,4449
2016-10-03,SeaMonkey,2670
2016-10-03,Iron,1672
2016-10-03,Nokia Browser,1579
2016-10-03,IE with Chrome Frame,1035
2016-10-03,MRCHROME,959
2016-10-03,pa11y,862
2016-10-03,Mozilla,498
2016-10-03,Nintendo Browser,422
2016-10-03,Nichrome,348
2016-10-03,NetFront,335
2016-10-03,Playstation Vita Browser,229
2016-10-03,Playstation 3,202
2016-10-03,YE,193
2016-10-03,Netscape,178
2016-10-03,DDG-Android-3.0.12,153
2016-10-03,Tracker,129
2016-10-04,Chrome,14177913
2016-10-04,Safari,6677723
2016-10-04,Internet Explorer,5696425
2016-10-04,Firefox,2450986
2016-10-04,Edge,997446
2016-10-04,Safari (in-app),477118
2016-10-04,Android Browser,226806
2016-10-04,Opera,144011
2016-10-04,Opera Mini,94715
2016-10-04,UC Browser,92452
2016-10-04,Amazon Silk,78013
2016-10-04,YaBrowser,17540
2016-10-04,BlackBerry,17099
2016-10-04,ELB-HealthChecker,7389
2016-10-04,Maxthon,6218
2016-10-04,Coc Coc,5203
2016-10-04,Mozilla Compatible Agent,5096
2016-10-04,Amazon Route 53 Health Check Service; ref:8e0b0548-9f02-45e4-809f-9cad76972358; report http:,4569
2016-10-04,SeaMonkey,2814
2016-10-04,Iron,1834
2016-10-04,Nokia Browser,1471
2016-10-04,MRCHROME,1370
2016-10-04,IE with Chrome Frame,1212
2016-10-04,Mozilla,681
2016-10-04,Uzbl,667
2016-10-04,Nintendo Browser,414
2016-10-04,NetFront,365
2016-10-04,Nichrome,363
2016-10-04,Playstation 3,266
2016-10-04,Playstation Vita Browser,249
2016-10-04,YE,236
2016-10-04,Netscape,162
2016-10-04,DDG-Android-3.0.12,156
2016-10-04,Tracker,135
2016-10-04,(not set),122
2016-10-04,Android Runtime,108
2016-10-04,Phantom Browser,102
2016-10-05,Chrome,13853558
2016-10-05,Safari,6735629
2016-10-05,Internet Explorer,5576070
2016-10-05,Firefox,2391038
2016-10-05,Edge,973765
2016-10-05,Safari (in-app),479917
2016-10-05,Android Browser,215057
2016-10-05,Opera,151280
2016-10-05,Opera Mini,85414
2016-10-05,Amazon Silk,79816
2016-10-05,UC Browser,73115
2016-10-05,YaBrowser,17064
2016-10-05,BlackBerry,16979
2016-10-05,ELB-HealthChecker,7102
2016-10-05,Maxthon,5811
2016-10-05,Mozilla Compatible Agent,5506
2016-10-05,Coc Coc,5412
2016-10-05,Amazon Route 53 Health Check Service; ref:8e0b0548-9f02-45e4-809f-9cad76972358; report http:,3862
2016-10-05,SeaMonkey,2732
2016-10-05,Uzbl,2096
2016-10-05,Iron,2018
2016-10-05,IE with Chrome Frame,1332
2016-10-05,MRCHROME,1329
2016-10-05,Nokia Browser,1221
2016-10-05,Mozilla,541
2016-10-05,Nichrome,539
2016-10-05,Nintendo Browser,490
2016-10-05,pa11y,420
2016-10-05,NetFront,342
2016-10-05,Playstation 3,244
2016-10-05,Playstation Vita Browser,205
2016-10-05,YE,203
2016-10-05,DDG-Android-3.0.12,179
2016-10-05,Netscape,175
2016-10-05,Android Runtime,144
2016-10-05,Tracker,136
2016-10-05,Phantom Browser,115
2016-10-05,ios-app,111
2016-10-05,(not set),108
2016-10-05,Job Search,108
2016-10-06,Chrome,13460937
2016-10-06,Safari,6704007
2016-10-06,Internet Explorer,5402914
2016-10-06,Firefox,2333472
2016-10-06,Edge,960736
2016-10-06,Safari (in-app),500044
2016-10-06,Android Browser,205322
2016-10-06,Opera,181398
2016-10-06,Amazon Silk,85234
2016-10-06,Opera Mini,78596
2016-10-06,UC Browser,61663
2016-10-06,YaBrowser,17994
2016-10-06,BlackBerry,16883
2016-10-06,ELB-HealthChecker,6038
2016-10-06,Maxthon,5396
2016-10-06,Mozilla Compatible Agent,5184
2016-10-06,Coc Coc,5157
2016-10-06,Amazon Route 53 Health Check Service; ref:8e0b0548-9f02-45e4-809f-9cad76972358; report http:,3543
2016-10-06,SeaMonkey,2796
2016-10-06,Iron,2607
2016-10-06,Uzbl,2271
2016-10-06,IE with Chrome Frame,1305
2016-10-06,MRCHROME,1164
2016-10-06,Nokia Browser,1034
2016-10-06,Nichrome,689
2016-10-06,pa11y,601
2016-10-06,Nintendo Browser,493
2016-10-06,Mozilla,457
2016-10-06,NetFront,362
2016-10-06,Playstation 3,289
2016-10-06,Playstation Vita Browser,251
2016-10-06,YE,222
2016-10-06,DDG-Android-3.0.12,168
2016-10-06,Netscape,153
2016-10-06,Tracker,146
2016-10-06,ios-app,120
2016-10-06,(not set),104
2016-10-07,Chrome,11383181
2016-10-07,Safari,5839338
2016-10-07,Internet Explorer,4352502
2016-10-07,Firefox,1972963
2016-10-07,Edge,806885
2016-10-07,Safari (in-app),477370
2016-10-07,Opera,185531
2016-10-07,Android Browser,181324
2016-10-07,Amazon Silk,76403
2016-10-07,Opera Mini,66378
2016-10-07,UC Browser,51125
2016-10-07,YaBrowser,18346
2016-10-07,BlackBerry,14807
2016-10-07,ELB-HealthChecker,6027
2016-10-07,Maxthon,4967
2016-10-07,Coc Coc,4649
2016-10-07,Mozilla Compatible Agent,4042
2016-10-07,Amazon Route 53 Health Check Service; ref:8e0b0548-9f02-45e4-809f-9cad76972358; report http:,3482
2016-10-07,Uzbl,3074
2016-10-07,Iron,2786
2016-10-07,SeaMonkey,2593
2016-10-07,pa11y,2022
2016-10-07,IE with Chrome Frame,1105
2016-10-07,MRCHROME,1047
2016-10-07,Nokia Browser,892
2016-10-07,Nichrome,678
2016-10-07,Mozilla,550
2016-10-07,Nintendo Browser,414
2016-10-07,NetFront,348
2016-10-07,Playstation 3,231
2016-10-07,Playstation Vita Browser,229
2016-10-07,YE,183
2016-10-07,DDG-Android-3.0.12,169
2016-10-07,Netscape,146
2016-10-07,Tracker,142
2016-10-07,ios-app,108
2016-10-08,Chrome,7493437
2016-10-08,Safari,4603379
2016-10-08,Internet Explorer,1321993
2016-10-08,Firefox,1134506
2016-10-08,Safari (in-app),591064
2016-10-08,Edge,572449
2016-10-08,Opera,190150
2016-10-08,Android Browser,165090
2016-10-08,Amazon Silk,68091
2016-10-08,Opera Mini,60203
2016-10-08,UC Browser,45607
2016-10-08,YaBrowser,19260
2016-10-08,BlackBerry,12671
2016-10-08,ELB-HealthChecker,5977
2016-10-08,Maxthon,4372
2016-10-08,Coc Coc,4121
2016-10-08,Amazon Route 53 Health Check Service; ref:8e0b0548-9f02-45e4-809f-9cad76972358; report http:,3509
2016-10-08,Mozilla Compatible Agent,3080
2016-10-08,Iron,2798
2016-10-08,SeaMonkey,1930
2016-10-08,MRCHROME,1066
2016-10-08,Nokia Browser,821
2016-10-08,Nichrome,664
2016-10-08,Nintendo Browser,429
2016-10-08,IE with Chrome Frame,403
2016-10-08,NetFront,314
2016-10-08,Mozilla,293
2016-10-08,Playstation 3,214
2016-10-08,Playstation Vita Browser,189
2016-10-08,DDG-Android-3.0.12,146
2016-10-08,YE,146
2016-10-08,(not set),143
2016-10-08,Tracker,136
2016-10-08,Phantom Browser,109
2016-10-09,Chrome,6954616
2016-10-09,Safari,4190697
2016-10-09,Internet Explorer,1190195
2016-10-09,Firefox,1069287
2016-10-09,Edge,563514
2016-10-09,Safari (in-app),364769
2016-10-09,Opera,192374
2016-10-09,Android Browser,152669
2016-10-09,Opera Mini,63708
2016-10-09,Amazon Silk,63422
2016-10-09,UC Browser,43852
2016-10-09,YaBrowser,19799
2016-10-09,BlackBerry,11913
2016-10-09,ELB-HealthChecker,6076
2016-10-09,Coc Coc,4385
2016-10-09,Maxthon,4216
2016-10-09,Amazon Route 53 Health Check Service; ref:8e0b0548-9f02-45e4-809f-9cad76972358; report http:,3486
2016-10-09,Iron,2833
2016-10-09,Mozilla Compatible Agent,2814
2016-10-09,SeaMonkey,1705
2016-10-09,MRCHROME,1167
2016-10-09,Nokia Browser,885
2016-10-09,Nichrome,640
2016-10-09,Nintendo Browser,380
2016-10-09,IE with Chrome Frame,321
2016-10-09,Mozilla,262
2016-10-09,NetFront,230
2016-10-09,Playstation 3,205
2016-10-09,Playstation Vita Browser,185
2016-10-09,YE,158
2016-10-09,Netscape,152
2016-10-09,DDG-Android-3.0.12,145
2016-10-09,Tracker,121
2016-10-09,Phantom.js bot,108
2016-10-10,Chrome,11481997
2016-10-10,Safari,5598887
2016-10-10,Internet Explorer,3575857
2016-10-10,Firefox,1939481
2016-10-10,Edge,865447
2016-10-10,Safari (in-app),341826
2016-10-10,Opera,194725
2016-10-10,Android Browser,172284
2016-10-10,Opera Mini,71196
2016-10-10,Amazon Silk,67365
2016-10-10,UC Browser,43277
2016-10-10,YaBrowser,19129
2016-10-10,BlackBerry,13212
2016-10-10,ELB-HealthChecker,6011
2016-10-10,Maxthon,5346
2016-10-10,Coc Coc,4973
2016-10-10,Mozilla Compatible Agent,3678
2016-10-10,Amazon Route 53 Health Check Service; ref:8e0b0548-9f02-45e4-809f-9cad76972358; report http:,3523
2016-10-10,Iron,2799
2016-10-10,SeaMonkey,2426
2016-10-10,Uzbl,1753
2016-10-10,MRCHROME,1096
2016-10-10,Nokia Browser,882
2016-10-10,IE with Chrome Frame,843
2016-10-10,Nichrome,644
2016-10-10,Nintendo Browser,420
2016-10-10,Mozilla,369
2016-10-10,NetFront,288
2016-10-10,Playstation Vita Browser,230
2016-10-10,Playstation 3,198
2016-10-10,YE,195
2016-10-10,Netscape,134
2016-10-10,Tracker,131
2016-10-10,DDG-Android-3.0.12,117
2016-10-10,Caremark iPhone,107
2016-10-10,ios-app,106
2016-10-11,Chrome,13328198
2016-10-11,Safari,6507658
2016-10-11,Internet Explorer,5351360
2016-10-11,Firefox,2237542
2016-10-11,Edge,953579
2016-10-11,Safari (in-app),499166
2016-10-11,Opera,201977
2016-10-11,Android Browser,184488
2016-10-11,Opera Mini,73110
2016-10-11,Amazon Silk,71239
2016-10-11,UC Browser,41532
2016-10-11,YaBrowser,19903
2016-10-11,BlackBerry,14337
2016-10-11,ELB-HealthChecker,5923
2016-10-11,Maxthon,5707
2016-10-11,Coc Coc,5216
2016-10-11,Mozilla Compatible Agent,4827
2016-10-11,pa11y,4123
2016-10-11,Amazon Route 53 Health Check Service; ref:8e0b0548-9f02-45e4-809f-9cad76972358; report http:,3552
2016-10-11,Iron,3100
2016-10-11,SeaMonkey,2553
2016-10-11,Uzbl,2183
2016-10-11,MRCHROME,1127
2016-10-11,IE with Chrome Frame,931
2016-10-11,Nokia Browser,810
2016-10-11,Nichrome,591
2016-10-11,Nintendo Browser,430
2016-10-11,Mozilla,407
2016-10-11,NetFront,310
2016-10-11,Playstation Vita Browser,228
2016-10-11,Playstation 3,174
2016-10-11,YE,170
2016-10-11,ios-app,142
2016-10-11,Netscape,133
2016-10-11,Tracker,129
2016-10-11,Caremark iPhone,126
2016-10-11,AdobeAIR,113
2016-10-11,Phantom Browser,113
2016-10-12,Chrome,12887430
2016-10-12,Safari,6346922
2016-10-12,Internet Explorer,5297360
2016-10-12,Firefox,2199649
2016-10-12,Edge,941693
2016-10-12,Safari (in-app),431523
2016-10-12,Android Browser,180863
2016-10-12,Opera,175385
2016-10-12,Opera Mini,73855
2016-10-12,Amazon Silk,70965
2016-10-12,UC Browser,44924
2016-10-12,YaBrowser,17264
2016-10-12,BlackBerry,15163
2016-10-12,Coc Coc,7767
2016-10-12,ELB-HealthChecker,7656
2016-10-12,Maxthon,5459
2016-10-12,Mozilla Compatible Agent,4315
2016-10-12,Iron,2660
2016-10-12,SeaMonkey,2576
2016-10-12,Amazon Route 53 Health Check Service; ref:8e0b0548-9f02-45e4-809f-9cad76972358; report http:,1493
2016-10-12,Uzbl,1348
2016-10-12,pa11y,1218
2016-10-12,MRCHROME,1155
2016-10-12,IE with Chrome Frame,955
2016-10-12,Nokia Browser,935
2016-10-12,Nintendo Browser,388
2016-10-12,Mozilla,371
2016-10-12,Nichrome,363
2016-10-12,NetFront,299
2016-10-12,Playstation Vita Browser,241
2016-10-12,Playstation 3,221
2016-10-12,YE,195
2016-10-12,Tracker,157
2016-10-12,Netscape,154
2016-10-12,osee2unifiedRelease,117
2016-10-12,Caremark iPhone,114
2016-10-12,AdobeAIR,109
2016-10-12,ios-app,108
2016-10-13,Chrome,12830196
2016-10-13,Safari,6326912
2016-10-13,Internet Explorer,5283510
2016-10-13,Firefox,2231843
2016-10-13,Edge,932648
2016-10-13,Safari (in-app),391732
2016-10-13,Opera,184603
2016-10-13,Android Browser,174625
2016-10-13,Opera Mini,75487
2016-10-13,Amazon Silk,73104
2016-10-13,UC Browser,45853
2016-10-13,YaBrowser,17456
2016-10-13,BlackBerry,14699
2016-10-13,ELB-HealthChecker,8994
2016-10-13,Coc Coc,5460
2016-10-13,Maxthon,5199
2016-10-13,Mozilla Compatible Agent,4388
2016-10-13,Iron,2787
2016-10-13,SeaMonkey,2608
2016-10-13,MRCHROME,1190
2016-10-13,IE with Chrome Frame,1051
2016-10-13,pa11y,1007
2016-10-13,Nokia Browser,926
2016-10-13,Uzbl,674
2016-10-13,Mozilla,598
2016-10-13,Nintendo Browser,420
2016-10-13,Nichrome,405
2016-10-13,NetFront,311
2016-10-13,Emb,282
2016-10-13,Playstation 3,230
2016-10-13,YE,200
2016-10-13,Tracker,189
2016-10-13,Job Search,184
2016-10-13,Playstation Vita Browser,157
2016-10-13,ios-app,137
2016-10-13,Netscape,124
2016-10-13,Caremark iPhone,106
2016-10-14,Chrome,11346141
2016-10-14,Safari,5822713
2016-10-14,Internet Explorer,4549703
2016-10-14,Firefox,2000127
2016-10-14,Edge,825778
2016-10-14,Safari (in-app),373564
2016-10-14,Opera,178131
2016-10-14,Android Browser,162124
2016-10-14,Amazon Silk,70318
2016-10-14,Opera Mini,66759
2016-10-14,UC Browser,43002
2016-10-14,YaBrowser,16738
2016-10-14,BlackBerry,13621
2016-10-14,ELB-HealthChecker,9005
2016-10-14,Maxthon,4682
2016-10-14,Mozilla Compatible Agent,4158
2016-10-14,Coc Coc,4096
2016-10-14,Iron,2738
2016-10-14,SeaMonkey,2592
2016-10-14,Uzbl,1256
2016-10-14,MRCHROME,1131
2016-10-14,IE with Chrome Frame,916
2016-10-14,Nokia Browser,838
2016-10-14,pa11y,503
2016-10-14,Mozilla,493
2016-10-14,Nichrome,419
2016-10-14,Nintendo Browser,354
2016-10-14,NetFront,286
2016-10-14,Playstation 3,238
2016-10-14,Job Search,190
2016-10-14,Tracker,183
2016-10-14,Playstation Vita Browser,180
2016-10-14,Netscape,167
2016-10-14,YE,166
2016-10-14,AdobeAIR,130
2016-10-14,ios-app,130
2016-10-14,Caremark iPhone,122
2016-10-14,DDG-Android-3.0.14,102
2016-10-15,Chrome,7220430
2016-10-15,Safari,4758032
2016-10-15,Internet Explorer,1394005
2016-10-15,Firefox,1182423
2016-10-15,Edge,598405
2016-10-15,Safari (in-app),334532
2016-10-15,Opera,170611
2016-10-15,Android Browser,148442
2016-10-15,Amazon Silk,68604
2016-10-15,Opera Mini,59577
2016-10-15,UC Browser,39668
2016-10-15,YaBrowser,16523
2016-10-15,BlackBerry,12356
2016-10-15,ELB-HealthChecker,9003
2016-10-15,Coc Coc,3847
2016-10-15,Maxthon,3625
2016-10-15,Mozilla Compatible Agent,3272
2016-10-15,Iron,2616
2016-10-15,SeaMonkey,1979
2016-10-15,MRCHROME,1132
2016-10-15,Nokia Browser,782
2016-10-15,Nichrome,416
2016-10-15,Mozilla,406
2016-10-15,Nintendo Browser,377
2016-10-15,IE with Chrome Frame,285
2016-10-15,NetFront,278
2016-10-15,Playstation 3,252
2016-10-15,Playstation Vita Browser,186
2016-10-15,Tracker,170
2016-10-15,DDG-Android-3.0.14,139
2016-10-15,Netscape,137
2016-10-15,YE,131
2016-10-15,AdobeAIR,101
2016-10-16,Chrome,7337208
2016-10-16,Safari,4490139
2016-10-16,Internet Explorer,1333955
2016-10-16,Firefox,1181728
2016-10-16,Edge,640414
2016-10-16,Safari (in-app),342951
2016-10-16,Opera,167983
2016-10-16,Android Browser,147465
2016-10-16,Amazon Silk,66006
2016-10-16,Opera Mini,65577
2016-10-16,UC Browser,42109
2016-10-16,YaBrowser,16521
2016-10-16,BlackBerry,12111
2016-10-16,ELB-HealthChecker,9001
2016-10-16,Coc Coc,4298
2016-10-16,Maxthon,4238
2016-10-16,Mozilla Compatible Agent,3090
2016-10-16,Iron,2550
2016-10-16,SeaMonkey,1918
2016-10-16,MRCHROME,1169
2016-10-16,Nokia Browser,900
2016-10-16,Nichrome,454
2016-10-16,Mozilla,379
2016-10-16,Nintendo Browser,376
2016-10-16,NetFront,306
2016-10-16,IE with Chrome Frame,291
2016-10-16,Playstation 3,249
2016-10-16,Playstation Vita Browser,193
2016-10-16,YE,152
2016-10-16,Tracker,143
2016-10-16,DDG-Android-3.0.14,139
2016-10-16,Netscape,131
2016-10-16,AdobeAIR,101
2016-10-17,Chrome,13534911
2016-10-17,Safari,6490384
2016-10-17,Internet Explorer,5468885
2016-10-17,Firefox,2365697
2016-10-17,Edge,1016510
2016-10-17,Safari (in-app),441278
2016-10-17,Android Browser,174417
2016-10-17,Opera,155441
2016-10-17,Amazon Silk,74433
2016-10-17,Opera Mini,72967
2016-10-17,UC Browser,45778
2016-10-17,YaBrowser,14967
2016-10-17,BlackBerry,14678
2016-10-17,ELB-HealthChecker,8998
2016-10-17,Maxthon,5715
2016-10-17,Mozilla Compatible Agent,5365
2016-10-17,Coc Coc,4546
2016-10-17,SeaMonkey,2902
2016-10-17,Iron,2319
2016-10-17,Uzbl,1319
2016-10-17,MRCHROME,1093
2016-10-17,IE with Chrome Frame,997
2016-10-17,Nokia Browser,848
2016-10-17,Mozilla,573
2016-10-17,pa11y,440
2016-10-17,Nintendo Browser,419
2016-10-17,Nichrome,400
2016-10-17,NetFront,304
2016-10-17,Playstation 3,253
2016-10-17,YE,192
2016-10-17,Playstation Vita Browser,188
2016-10-17,Tracker,162
2016-10-17,Netscape,146
2016-10-17,DDG-Android-3.0.14,135
2016-10-17,AdobeAIR,111
2016-10-17,Caremark iPhone,110
2016-10-18,Chrome,13024911
2016-10-18,Safari,6200548
2016-10-18,Internet Explorer,5302987
2016-10-18,Firefox,2231432
2016-10-18,Edge,944851
2016-10-18,Safari (in-app),389806
2016-10-18,Android Browser,172653
2016-10-18,Opera,140727
2016-10-18,Opera Mini,73784
2016-10-18,Amazon Silk,70258
2016-10-18,UC Browser,46006
2016-10-18,BlackBerry,14836
2016-10-18,YaBrowser,14197
2016-10-18,ELB-HealthChecker,9001
2016-10-18,Maxthon,5505
2016-10-18,Mozilla Compatible Agent,4666
2016-10-18,Coc Coc,4527
2016-10-18,SeaMonkey,2448
2016-10-18,Iron,2077
2016-10-18,IE with Chrome Frame,1021
2016-10-18,MRCHROME,1011
2016-10-18,Nokia Browser,888
2016-10-18,Mozilla,469
2016-10-18,Nintendo Browser,378
2016-10-18,Nichrome,358
2016-10-18,NetFront,302
2016-10-18,Playstation 3,284
2016-10-18,Playstation Vita Browser,175
2016-10-18,YE,171
2016-10-18,Tracker,168
2016-10-18,Netscape,151
2016-10-18,DDG-Android-3.0.14,141
2016-10-18,Caremark iPhone,130
2016-10-18,Android Runtime,120
2016-10-18,Phantom Browser,103
2016-10-19,Chrome,12803254
2016-10-19,Safari,6283050
2016-10-19,Internet Explorer,5145325
2016-10-19,Firefox,2184986
2016-10-19,Edge,912933
2016-10-19,Safari (in-app),385757
2016-10-19,Android Browser,174684
2016-10-19,Opera,121500
2016-10-19,Opera Mini,71992
2016-10-19,Amazon Silk,70110
2016-10-19,UC Browser,46717
2016-10-19,BlackBerry,14828
2016-10-19,YaBrowser,13167
2016-10-19,ELB-HealthChecker,9043
2016-10-19,Maxthon,5583
2016-10-19,Mozilla Compatible Agent,4821
2016-10-19,Coc Coc,3932
2016-10-19,SeaMonkey,2357
2016-10-19,Iron,1567
2016-10-19,IE with Chrome Frame,1026
2016-10-19,MRCHROME,1003
2016-10-19,Nokia Browser,867
2016-10-19,Uzbl,699
2016-10-19,Mozilla,482
2016-10-19,Nintendo Browser,324
2016-10-19,NetFront,306
2016-10-19,Nichrome,244
2016-10-19,Playstation 3,243
2016-10-19,YE,208
2016-10-19,Tracker,184
2016-10-19,Playstation Vita Browser,181
2016-10-19,Netscape,138
2016-10-19,DDG-Android-3.0.14,137
2016-10-19,ios-app,119
2016-10-19,Caremark iPhone,113
2016-10-20,Chrome,12417415
2016-10-20,Safari,6130634
2016-10-20,Internet Explorer,4994718
2016-10-20,Firefox,2118911
2016-10-20,Edge,885517
2016-10-20,Safari (in-app),359233
2016-10-20,Android Browser,169776
2016-10-20,Opera,129802
2016-10-20,Opera Mini,69866
2016-10-20,Amazon Silk,69409
2016-10-20,UC Browser,45791
2016-10-20,BlackBerry,14861
2016-10-20,YaBrowser,13658
2016-10-20,ELB-HealthChecker,9008
2016-10-20,Maxthon,5406
2016-10-20,Mozilla Compatible Agent,4556
2016-10-20,Coc Coc,3691
2016-10-20,SeaMonkey,2484
2016-10-20,Iron,1895
2016-10-20,IE with Chrome Frame,1013
2016-10-20,MRCHROME,975
2016-10-20,Nokia Browser,865
2016-10-20,Mozilla,467
2016-10-20,NetFront,377
2016-10-20,Nintendo Browser,371
2016-10-20,Nichrome,352
2016-10-20,Playstation 3,259
2016-10-20,Playstation Vita Browser,237
2016-10-20,Tracker,182
2016-10-20,YE,175
2016-10-20,Netscape,168
2016-10-20,ios-app,138
2016-10-20,Caremark iPhone,135
2016-10-20,DDG-Android-3.0.14,112
2016-10-20,Android Runtime,106
2016-10-20,AdobeAIR,105
2016-10-21,Chrome,10892977
2016-10-21,Safari,5524943
2016-10-21,Internet Explorer,4347702
2016-10-21,Firefox,1895134
2016-10-21,Edge,777660
2016-10-21,Safari (in-app),344795
2016-10-21,Android Browser,156265
2016-10-21,Opera,125129
2016-10-21,Amazon Silk,65207
2016-10-21,Opera Mini,61766
2016-10-21,UC Browser,44389
2016-10-21,BlackBerry,13478
2016-10-21,YaBrowser,13355
2016-10-21,ELB-HealthChecker,7849
2016-10-21,Mozilla Compatible Agent,7177
2016-10-21,Maxthon,4687
2016-10-21,Coc Coc,3686
2016-10-21,SeaMonkey,2389
2016-10-21,Iron,1877
2016-10-21,MRCHROME,919
2016-10-21,IE with Chrome Frame,864
2016-10-21,Nokia Browser,863
2016-10-21,Nichrome,366
2016-10-21,Nintendo Browser,357
2016-10-21,Mozilla,354
2016-10-21,NetFront,290
2016-10-21,Playstation 3,237
2016-10-21,Netscape,190
2016-10-21,Playstation Vita Browser,172
2016-10-21,Tracker,167
2016-10-21,YE,129
2016-10-21,Caremark iPhone,126
2016-10-21,DDG-Android-3.0.14,114
2016-10-21,ios-app,112
2016-10-21,rtlappwebview,103
2016-10-22,Chrome,6662691
2016-10-22,Safari,4315582
2016-10-22,Internet Explorer,1253910
2016-10-22,Firefox,1064678
2016-10-22,Edge,535926
2016-10-22,Safari (in-app),297537
2016-10-22,Android Browser,136807
2016-10-22,Opera,108585
2016-10-22,Amazon Silk,59354
2016-10-22,Opera Mini,57545
2016-10-22,UC Browser,40176
2016-10-22,YaBrowser,12543
2016-10-22,BlackBerry,11114
2016-10-22,ELB-HealthChecker,9046
2016-10-22,Maxthon,3595
2016-10-22,Coc Coc,3344
2016-10-22,Mozilla Compatible Agent,3143
2016-10-22,SeaMonkey,1688
2016-10-22,Iron,1662
2016-10-22,MRCHROME,860
2016-10-22,Nokia Browser,779
2016-10-22,Nintendo Browser,372
2016-10-22,Nichrome,299
2016-10-22,Mozilla,268
2016-10-22,NetFront,242
2016-10-22,Playstation 3,232
2016-10-22,IE with Chrome Frame,229
2016-10-22,Playstation Vita Browser,172
2016-10-22,Tracker,138
2016-10-22,Netscape,105
2016-10-22,YE,103
2016-10-23,Chrome,6876578
2016-10-23,Safari,4114493
2016-10-23,Internet Explorer,1216398
2016-10-23,Firefox,1078122
2016-10-23,Edge,583115
2016-10-23,Safari (in-app),299142
2016-10-23,Android Browser,137816
2016-10-23,Opera,115902
2016-10-23,Opera Mini,62225
2016-10-23,Amazon Silk,58351
2016-10-23,UC Browser,42796
2016-10-23,YaBrowser,14230
2016-10-23,BlackBerry,11208
2016-10-23,ELB-HealthChecker,9292
2016-10-23,Maxthon,4197
2016-10-23,Coc Coc,3661
2016-10-23,Mozilla Compatible Agent,2987
2016-10-23,Iron,1730
2016-10-23,SeaMonkey,1655
2016-10-23,MRCHROME,937
2016-10-23,Nokia Browser,818
2016-10-23,Nichrome,327
2016-10-23,Nintendo Browser,306
2016-10-23,NetFront,260
2016-10-23,Mozilla,246
2016-10-23,IE with Chrome Frame,235
2016-10-23,Playstation 3,229
2016-10-23,Playstation Vita Browser,166
2016-10-23,Tracker,159
2016-10-23,YE,138
2016-10-23,DDG-Android-3.0.14,122
2016-10-23,Netscape,117
2016-10-24,Chrome,13079215
2016-10-24,Safari,6126521
2016-10-24,Internet Explorer,5381399
2016-10-24,Firefox,2256576
2016-10-24,Edge,961032
2016-10-24,Safari (in-app),404600
2016-10-24,Android Browser,165899
2016-10-24,Opera,131252
2016-10-24,Opera Mini,69292
2016-10-24,Amazon Silk,67895
2016-10-24,UC Browser,44907
2016-10-24,YaBrowser,14127
2016-10-24,BlackBerry,14088
2016-10-24,ELB-HealthChecker,9849
2016-10-24,Maxthon,5942
2016-10-24,Mozilla Compatible Agent,4336
2016-10-24,Coc Coc,4259
2016-10-24,SeaMonkey,2562
2016-10-24,Iron,1864
2016-10-24,IE with Chrome Frame,1036
2016-10-24,MRCHROME,975
2016-10-24,Nokia Browser,838
2016-10-24,pa11y,531
2016-10-24,Nichrome,345
2016-10-24,Nintendo Browser,345
2016-10-24,Mozilla,330
2016-10-24,NetFront,310
2016-10-24,Playstation 3,258
2016-10-24,YE,181
2016-10-24,Playstation Vita Browser,173
2016-10-24,Tracker,168
2016-10-24,DDG-Android-3.0.14,165
2016-10-24,Netscape,149
2016-10-24,Caremark iPhone,118
2016-10-24,ios-app,108
2016-10-25,Chrome,13037962
2016-10-25,Safari,6127512
2016-10-25,Internet Explorer,5340772
2016-10-25,Firefox,2216661
2016-10-25,Edge,937928
2016-10-25,Safari (in-app),410758
2016-10-25,Android Browser,165415
2016-10-25,Opera,148392
2016-10-25,Opera Mini,71333
2016-10-25,Amazon Silk,68046
2016-10-25,UC Browser,43906
2016-10-25,YaBrowser,15710
2016-10-25,BlackBerry,14208
2016-10-25,ELB-HealthChecker,9258
2016-10-25,Maxthon,5933
2016-10-25,Mozilla Compatible Agent,4370
2016-10-25,Coc Coc,4362
2016-10-25,SeaMonkey,2521
2016-10-25,Iron,2052
2016-10-25,MRCHROME,1118
2016-10-25,IE with Chrome Frame,1009
2016-10-25,Nokia Browser,899
2016-10-25,pa11y,498
2016-10-25,Nichrome,439
2016-10-25,Nintendo Browser,348
2016-10-25,Mozilla,325
2016-10-25,NetFront,303
2016-10-25,Playstation 3,231
2016-10-25,Playstation Vita Browser,197
2016-10-25,Tracker,177
2016-10-25,YE,174
2016-10-25,DDG-Android-3.0.14,172
2016-10-25,Netscape,149
2016-10-25,Emb,132
2016-10-25,Android Runtime,107
2016-10-25,Caremark iPhone,107
2016-10-26,Chrome,8912022
2016-10-26,Safari,4459876
2016-10-26,Internet Explorer,3029594
2016-10-26,Firefox,1403942
2016-10-26,Edge,640825
2016-10-26,Safari (in-app),294037
2016-10-26,Opera,177016
2016-10-26,Android Browser,120858
2016-10-26,Opera Mini,56877
2016-10-26,Amazon Silk,49862
2016-10-26,UC Browser,37193
2016-10-26,YaBrowser,17064
2016-10-26,ELB-HealthChecker,11004
2016-10-26,BlackBerry,10211
2016-10-26,Maxthon,4257
2016-10-26,Mozilla Compatible Agent,3954
2016-10-26,Coc Coc,3951
2016-10-26,pa11y,3010
2016-10-26,Iron,2794
2016-10-26,SeaMonkey,1445
2016-10-26,MRCHROME,1124
2016-10-26,Nokia Browser,792
2016-10-26,IE with Chrome Frame,613
2016-10-26,Nichrome,544
2016-10-26,NetFront,264
2016-10-26,Nintendo Browser,261
2016-10-26,Mozilla,225
2016-10-26,Tracker,189
2016-10-26,Playstation 3,173
2016-10-26,YE,143
2016-10-26,Playstation Vita Browser,141
2016-10-26,Caremark iPhone,140
2016-10-26,Netscape,119
2016-10-26,DDG-Android-3.0.14,117
2016-10-27,Chrome,12735000
2016-10-27,Safari,6158876
2016-10-27,Internet Explorer,5193602
2016-10-27,Firefox,2173242
2016-10-27,Edge,915981
2016-10-27,Safari (in-app),375460
2016-10-27,Opera,266690
2016-10-27,Android Browser,161256
2016-10-27,Amazon Silk,69729
2016-10-27,Opera Mini,66694
2016-10-27,UC Browser,40470
2016-10-27,YaBrowser,27118
2016-10-27,BlackBerry,13644
2016-10-27,ELB-HealthChecker,11202
2016-10-27,Maxthon,6173
2016-10-27,Coc Coc,5348
2016-10-27,Mozilla Compatible Agent,4582
2016-10-27,Iron,4181
2016-10-27,pa11y,3362
2016-10-27,SeaMonkey,2688
2016-10-27,MRCHROME,1648
2016-10-27,IE with Chrome Frame,964
2016-10-27,Nokia Browser,738
2016-10-27,Nichrome,665
2016-10-27,Nintendo Browser,338
2016-10-27,Mozilla,288
2016-10-27,NetFront,279
2016-10-27,Playstation 3,244
2016-10-27,Playstation Vita Browser,199
2016-10-27,Tracker,183
2016-10-27,osee2unifiedRelease,172
2016-10-27,YE,153
2016-10-27,Caremark iPhone,146
2016-10-27,Netscape,138
2016-10-27,ios-app,135
2016-10-27,DDG-Android-3.0.14,122
2016-10-27,AdobeAIR,115
2016-10-28,Chrome,10721726
2016-10-28,Safari,5417234
2016-10-28,Internet Explorer,4295290
2016-10-28,Firefox,1838309
2016-10-28,Edge,766243
2016-10-28,Safari (in-app),338900
2016-10-28,Opera,249256
2016-10-28,Android Browser,143972
2016-10-28,Amazon Silk,63048
2016-10-28,Opera Mini,56554
2016-10-28,UC Browser,35447
2016-10-28,YaBrowser,25171
2016-10-28,BlackBerry,11822
2016-10-28,ELB-HealthChecker,11211
2016-10-28,Maxthon,5007
2016-10-28,Coc Coc,4770
2016-10-28,Iron,3916
2016-10-28,Mozilla Compatible Agent,3709
2016-10-28,SeaMonkey,2356
2016-10-28,MRCHROME,1563
2016-10-28,pa11y,1514
2016-10-28,IE with Chrome Frame,860
2016-10-28,Nichrome,729
2016-10-28,Nokia Browser,684
2016-10-28,Mozilla,497
2016-10-28,NetFront,284
2016-10-28,Nintendo Browser,280
2016-10-28,Playstation 3,210
2016-10-28,Tracker,184
2016-10-28,Playstation Vita Browser,181
2016-10-28,Netscape,138
2016-10-28,YE,127
2016-10-28,DDG-Android-3.0.14,121
2016-10-28,Caremark iPhone,118
2016-10-28,osee2unifiedRelease,117
2016-10-28,ios-app,114
2016-10-28,Uzbl,102
2016-10-29,Chrome,6510758
2016-10-29,Safari,4225513
2016-10-29,Internet Explorer,1244820
2016-10-29,Firefox,1044343
2016-10-29,Edge,535465
2016-10-29,Safari (in-app),274165
2016-10-29,Opera,228839
2016-10-29,Android Browser,125791
2016-10-29,Amazon Silk,57896
2016-10-29,Opera Mini,50622
2016-10-29,UC Browser,31470
2016-10-29,YaBrowser,23834
2016-10-29,ELB-HealthChecker,11193
2016-10-29,BlackBerry,10267
2016-10-29,Coc Coc,4406
2016-10-29,Maxthon,3920
2016-10-29,Iron,3459
2016-10-29,Mozilla Compatible Agent,2861
2016-10-29,SeaMonkey,1735
2016-10-29,MRCHROME,1524
2016-10-29,Nichrome,776
2016-10-29,Nokia Browser,598
2016-10-29,Nintendo Browser,339
2016-10-29,Mozilla,280
2016-10-29,NetFront,242
2016-10-29,IE with Chrome Frame,230
2016-10-29,Tracker,186
2016-10-29,Playstation 3,167
2016-10-29,Playstation Vita Browser,162
2016-10-29,Netscape,145
2016-10-29,DDG-Android-3.0.14,134
2016-10-29,YE,129
2016-10-29,Uzbl,112
2016-10-30,Chrome,6927495
2016-10-30,Safari,4165059
2016-10-30,Internet Explorer,1254014
2016-10-30,Firefox,1111478
2016-10-30,Edge,608199
2016-10-30,Safari (in-app),285259
2016-10-30,Opera,226792
2016-10-30,Android Browser,129643
2016-10-30,Amazon Silk,60579
2016-10-30,Opera Mini,55923
2016-10-30,UC Browser,32260
2016-10-30,YaBrowser,24709
2016-10-30,ELB-HealthChecker,11198
2016-10-30,BlackBerry,11192
2016-10-30,Coc Coc,4968
2016-10-30,Maxthon,4353
2016-10-30,Iron,3245
2016-10-30,Mozilla Compatible Agent,2618
2016-10-30,SeaMonkey,1705
2016-10-30,MRCHROME,1593
2016-10-30,Nichrome,778
2016-10-30,Nokia Browser,626
2016-10-30,Mozilla,496
2016-10-30,Nintendo Browser,403
2016-10-30,NetFront,262
2016-10-30,IE with Chrome Frame,236
2016-10-30,Tracker,183
2016-10-30,Playstation 3,181
2016-10-30,Playstation Vita Browser,171
2016-10-30,YE,136
2016-10-30,DDG-Android-3.0.14,129
2016-10-30,Netscape,119
2016-10-31,Chrome,11918505
2016-10-31,Safari,5443588
2016-10-31,Internet Explorer,5013127
2016-10-31,Firefox,2097514
2016-10-31,Edge,883157
2016-10-31,Safari (in-app),325183
2016-10-31,Opera,243533
2016-10-31,Android Browser,141221
2016-10-31,Opera Mini,63525
2016-10-31,Amazon Silk,60145
2016-10-31,UC Browser,38751
2016-10-31,YaBrowser,25781
2016-10-31,BlackBerry,12630
2016-10-31,ELB-HealthChecker,11232
2016-10-31,Maxthon,6072
2016-10-31,Coc Coc,5249
2016-10-31,Mozilla Compatible Agent,4155
2016-10-31,Iron,3445
2016-10-31,SeaMonkey,2523
2016-10-31,MRCHROME,1714
2016-10-31,IE with Chrome Frame,889
2016-10-31,Nokia Browser,800
2016-10-31,Nichrome,733
2016-10-31,Mozilla,502
2016-10-31,Nintendo Browser,334
2016-10-31,NetFront,294
2016-10-31,Playstation 3,204
2016-10-31,Tracker,184
2016-10-31,Playstation Vita Browser,177
2016-10-31,YE,165
2016-10-31,Netscape,141
2016-10-31,DDG-Android-3.0.14,115
2016-10-31,ios-app,113
2016-10-31,Caremark iPhone,111
2016-10-31,Uzbl,104
2016-11-01,Chrome,12475817
2016-11-01,Safari,5845090
2016-11-01,Internet Explorer,5150739
2016-11-01,Firefox,2117378
2016-11-01,Edge,918626
2016-11-01,Safari (in-app),369485
2016-11-01,Opera,245152
2016-11-01,Android Browser,147348
2016-11-01,Opera Mini,65889
2016-11-01,Amazon Silk,64937
2016-11-01,UC Browser,40708
2016-11-01,YaBrowser,25736
2016-11-01,BlackBerry,13218
2016-11-01,ELB-HealthChecker,11225
2016-11-01,Maxthon,5932
2016-11-01,Coc Coc,5383
2016-11-01,Mozilla Compatible Agent,4103
2016-11-01,Iron,3346
2016-11-01,SeaMonkey,2511
2016-11-01,MRCHROME,1723
2016-11-01,IE with Chrome Frame,829
2016-11-01,Nichrome,788
2016-11-01,Nokia Browser,704
2016-11-01,Mozilla,461
2016-11-01,Nintendo Browser,335
2016-11-01,NetFront,244
2016-11-01,Playstation 3,210
2016-11-01,YE,189
2016-11-01,Tracker,181
2016-11-01,Playstation Vita Browser,156
2016-11-01,ios-app,146
2016-11-01,DDG-Android-3.0.14,136
2016-11-01,Netscape,131
2016-11-01,Caremark iPhone,118
2016-11-01,Android Runtime,106
2016-11-02,Chrome,12824096
2016-11-02,Safari,6118391
2016-11-02,Internet Explorer,5147037
2016-11-02,Firefox,2161413
2016-11-02,Edge,927870
2016-11-02,Safari (in-app),389338
2016-11-02,Opera,248703
2016-11-02,Android Browser,155637
2016-11-02,Opera Mini,68043
2016-11-02,Amazon Silk,68023
2016-11-02,UC Browser,43931
2016-11-02,YaBrowser,26070
2016-11-02,BlackBerry,13409
2016-11-02,ELB-HealthChecker,11198
2016-11-02,Maxthon,6229
2016-11-02,Coc Coc,5359
2016-11-02,Mozilla Compatible Agent,4409
2016-11-02,Iron,3315
2016-11-02,SeaMonkey,2418
2016-11-02,MRCHROME,1781
2016-11-02,IE with Chrome Frame,940
2016-11-02,Nokia Browser,834
2016-11-02,Nichrome,813
2016-11-02,Mozilla,537
2016-11-02,Nintendo Browser,388
2016-11-02,NetFront,288
2016-11-02,Playstation 3,256
2016-11-02,YE,191
2016-11-02,Tracker,181
2016-11-02,Playstation Vita Browser,176
2016-11-02,ios-app,160
2016-11-02,DDG-Android-3.0.14,149
2016-11-02,AdobeAIR,137
2016-11-02,Netscape,123
2016-11-02,Android Runtime,103
2016-11-02,Caremark iPhone,102
2016-11-02,osee2unifiedRelease,102
2016-11-03,Chrome,12522520
2016-11-03,Safari,5939484
2016-11-03,Internet Explorer,4955153
2016-11-03,Firefox,2098103
2016-11-03,Edge,886264
2016-11-03,Safari (in-app),386500
2016-11-03,Opera,236928
2016-11-03,Android Browser,155770
2016-11-03,Opera Mini,69444
2016-11-03,Amazon Silk,66373
2016-11-03,UC Browser,45580
2016-11-03,YaBrowser,26492
2016-11-03,BlackBerry,13555
2016-11-03,ELB-HealthChecker,10718
2016-11-03,Maxthon,5968
2016-11-03,Coc Coc,5105
2016-11-03,Mozilla Compatible Agent,4567
2016-11-03,Iron,3304
2016-11-03,SeaMonkey,2296
2016-11-03,MRCHROME,1673
2016-11-03,IE with Chrome Frame,901
2016-11-03,Nokia Browser,869
2016-11-03,Nichrome,728
2016-11-03,Mozilla,434
2016-11-03,Nintendo Browser,366
2016-11-03,NetFront,270
2016-11-03,Playstation 3,255
2016-11-03,Playstation Vita Browser,206
2016-11-03,Tracker,200
2016-11-03,YE,182
2016-11-03,ios-app,153
2016-11-03,Netscape,149
2016-11-03,DDG-Android-3.0.14,128
2016-11-03,Caremark iPhone,119
2016-11-03,Phantom Browser,110
2016-11-04,Chrome,11028161
2016-11-04,Safari,5366546
2016-11-04,Internet Explorer,4263353
2016-11-04,Firefox,1849399
2016-11-04,Edge,768718
2016-11-04,Safari (in-app),360117
2016-11-04,Opera,206589
2016-11-04,Android Browser,143525
2016-11-04,Amazon Silk,61470
2016-11-04,Opera Mini,60675
2016-11-04,UC Browser,42898
2016-11-04,YaBrowser,24373
2016-11-04,BlackBerry,12325
2016-11-04,ELB-HealthChecker,9816
2016-11-04,Maxthon,5172
2016-11-04,Coc Coc,4714
2016-11-04,Mozilla Compatible Agent,4166
2016-11-04,Iron,2926
2016-11-04,SeaMonkey,2100
2016-11-04,MRCHROME,1495
2016-11-04,IE with Chrome Frame,795
2016-11-04,Nokia Browser,746
2016-11-04,Nichrome,640
2016-11-04,Mozilla,506
2016-11-04,Nintendo Browser,351
2016-11-04,NetFront,255
2016-11-04,Playstation 3,207
2016-11-04,Tracker,191
2016-11-04,YE,159
2016-11-04,AdobeAIR,150
2016-11-04,Playstation Vita Browser,148
2016-11-04,Netscape,142
2016-11-04,DDG-Android-3.0.14,141
2016-11-04,ios-app,136
2016-11-04,YelpWebView,113
2016-11-04,Caremark iPhone,109
2016-11-05,Chrome,6789780
2016-11-05,Safari,4296107
2016-11-05,Internet Explorer,1220259
2016-11-05,Firefox,1109811
2016-11-05,Edge,544517
2016-11-05,Safari (in-app),283042
2016-11-05,Opera,143779
2016-11-05,Android Browser,127005
2016-11-05,Amazon Silk,57427
2016-11-05,Opera Mini,55305
2016-11-05,UC Browser,39060
2016-11-05,YaBrowser,17301
2016-11-05,ELB-HealthChecker,10876
2016-11-05,BlackBerry,10526
2016-11-05,Maxthon,4111
2016-11-05,Coc Coc,3688
2016-11-05,Mozilla Compatible Agent,2912
2016-11-05,Iron,1943
2016-11-05,SeaMonkey,1595
2016-11-05,MRCHROME,1392
2016-11-05,Nokia Browser,711
2016-11-05,Nichrome,420
2016-11-05,Mozilla,348
2016-11-05,Nintendo Browser,318
2016-11-05,IE with Chrome Frame,245
2016-11-05,NetFront,245
2016-11-05,Playstation 3,207
2016-11-05,Tracker,187
2016-11-05,AdobeAIR,156
2016-11-05,Playstation Vita Browser,154
2016-11-05,YE,126
2016-11-05,DDG-Android-3.0.14,118
2016-11-05,YelpWebView,117
2016-11-05,Netscape,115
2016-11-06,Chrome,7658406
2016-11-06,Safari,4480995
2016-11-06,Internet Explorer,1274967
2016-11-06,Firefox,1211525
2016-11-06,Edge,641096
2016-11-06,Safari (in-app),303291
2016-11-06,Opera,158531
2016-11-06,Android Browser,135683
2016-11-06,Opera Mini,63057
2016-11-06,Amazon Silk,61781
2016-11-06,UC Browser,44230
2016-11-06,YaBrowser,19907
2016-11-06,ELB-HealthChecker,11693
2016-11-06,BlackBerry,11115
2016-11-06,Maxthon,4863
2016-11-06,Coc Coc,4397
2016-11-06,Mozilla Compatible Agent,2683
2016-11-06,Iron,2043
2016-11-06,SeaMonkey,1765
2016-11-06,MRCHROME,1628
2016-11-06,Nokia Browser,787
2016-11-06,Emb,634
2016-11-06,Mozilla,410
2016-11-06,Nichrome,383
2016-11-06,Nintendo Browser,352
2016-11-06,NetFront,269
2016-11-06,IE with Chrome Frame,256
2016-11-06,Playstation Vita Browser,202
2016-11-06,Tracker,196
2016-11-06,Playstation 3,190
2016-11-06,DDG-Android-3.0.14,148
2016-11-06,YE,147
2016-11-06,Netscape,134
2016-11-07,Chrome,13366748
2016-11-07,Safari,6132696
2016-11-07,Internet Explorer,5278374
2016-11-07,Firefox,2287314
2016-11-07,Edge,963705
2016-11-07,Safari (in-app),330062
2016-11-07,Opera,162891
2016-11-07,Android Browser,157590
2016-11-07,Opera Mini,74371
2016-11-07,Amazon Silk,65951
2016-11-07,UC Browser,47043
2016-11-07,YaBrowser,19562
2016-11-07,BlackBerry,13675
2016-11-07,ELB-HealthChecker,11228
2016-11-07,Maxthon,6358
2016-11-07,Coc Coc,4960
2016-11-07,Mozilla Compatible Agent,4380
2016-11-07,SeaMonkey,2510
2016-11-07,Iron,2018
2016-11-07,MRCHROME,1523
2016-11-07,IE with Chrome Frame,932
2016-11-07,Nokia Browser,825
2016-11-07,Mozilla,633
2016-11-07,Nichrome,378
2016-11-07,Nintendo Browser,358
2016-11-07,NetFront,306
2016-11-07,Playstation 3,231
2016-11-07,Playstation Vita Browser,189
2016-11-07,YE,186
2016-11-07,Tracker,184
2016-11-07,DDG-Android-3.0.14,141
2016-11-07,Netscape,109
2016-11-08,Chrome,12507886
2016-11-08,Safari,6223927
2016-11-08,Internet Explorer,4864663
2016-11-08,Firefox,2028790
2016-11-08,Edge,861922
2016-11-08,Safari (in-app),291969
2016-11-08,Android Browser,158388
2016-11-08,Opera,146247
2016-11-08,Opera Mini,75786
2016-11-08,Amazon Silk,66003
2016-11-08,UC Browser,46475
2016-11-08,YaBrowser,16600
2016-11-08,BlackBerry,13903
2016-11-08,ELB-HealthChecker,11266
2016-11-08,Maxthon,5643
2016-11-08,Coc Coc,5136
2016-11-08,Mozilla Compatible Agent,4330
2016-11-08,SeaMonkey,2253
2016-11-08,Iron,1875
2016-11-08,MRCHROME,1083
2016-11-08,IE with Chrome Frame,896
2016-11-08,Mozilla,834
2016-11-08,Nokia Browser,834
2016-11-08,Nintendo Browser,389
2016-11-08,Nichrome,381
2016-11-08,NetFront,346
2016-11-08,Playstation 3,207
2016-11-08,YE,206
2016-11-08,Playstation Vita Browser,188
2016-11-08,Tracker,188
2016-11-08,DDG-Android-3.0.14,174
2016-11-08,AdobeAIR,121
2016-11-08,ios-app,117
2016-11-08,Netscape,105
2016-11-09,Chrome,12847550
2016-11-09,Safari,6554722
2016-11-09,Internet Explorer,4746531
2016-11-09,Firefox,2036056
2016-11-09,Edge,869963
2016-11-09,Safari (in-app),661086
2016-11-09,Android Browser,155105
2016-11-09,Opera,131147
2016-11-09,Opera Mini,74795
2016-11-09,Amazon Silk,68104
2016-11-09,UC Browser,46308
2016-11-09,YaBrowser,13895
2016-11-09,BlackBerry,13413
2016-11-09,ELB-HealthChecker,11212
2016-11-09,Coc Coc,5567
2016-11-09,Maxthon,5311
2016-11-09,Mozilla Compatible Agent,4624
2016-11-09,SeaMonkey,2412
2016-11-09,Iron,1503
2016-11-09,MRCHROME,938
2016-11-09,IE with Chrome Frame,905
2016-11-09,Mozilla,852
2016-11-09,Nokia Browser,801
2016-11-09,Nintendo Browser,394
2016-11-09,NetFront,298
2016-11-09,Playstation 3,264
2016-11-09,Nichrome,254
2016-11-09,YE,214
2016-11-09,Playstation Vita Browser,198
2016-11-09,Tracker,187
2016-11-09,DDG-Android-3.0.14,176
2016-11-09,osee2unifiedRelease,137
2016-11-09,Netscape,127
2016-11-09,AdobeAIR,123
2016-11-09,Job Search,110
2016-11-09,ios-app,110
2016-11-09,Caremark iPhone,104
2016-11-09,Android Runtime,102
2016-11-10,Chrome,13198188
2016-11-10,Safari,6554972
2016-11-10,Internet Explorer,4689592
2016-11-10,Firefox,2090932
2016-11-10,Safari (in-app),1114800
2016-11-10,Edge,885265
2016-11-10,Android Browser,153349
2016-11-10,Opera,114723
2016-11-10,Amazon Silk,71335
2016-11-10,Opera Mini,69814
2016-11-10,UC Browser,43732
2016-11-10,BlackBerry,13907
2016-11-10,YaBrowser,11990
2016-11-10,ELB-HealthChecker,11266
2016-11-10,Maxthon,5326
2016-11-10,Mozilla Compatible Agent,4399
2016-11-10,Coc Coc,4320
2016-11-10,SeaMonkey,2510
2016-11-10,Iron,1105
2016-11-10,Mozilla,977
2016-11-10,MRCHROME,868
2016-11-10,IE with Chrome Frame,827
2016-11-10,Nokia Browser,774
2016-11-10,Nintendo Browser,366
2016-11-10,(not set),316
2016-11-10,NetFront,307
2016-11-10,Job Search,245
2016-11-10,Nichrome,212
2016-11-10,Playstation 3,192
2016-11-10,Tracker,183
2016-11-10,YE,173
2016-11-10,DDG-Android-3.0.14,159
2016-11-10,Playstation Vita Browser,146
2016-11-10,Netscape,131
2016-11-10,osee2unifiedRelease,120
2016-11-10,ios-app,114
2016-11-10,Caremark iPhone,107
2016-11-10,Phantom Browser,107
2016-11-10,AdobeAIR,103
2016-11-11,Chrome,10395450
2016-11-11,Safari,5594779
2016-11-11,Internet Explorer,2708927
2016-11-11,Firefox,1630971
2016-11-11,Safari (in-app),753884
2016-11-11,Edge,732966
2016-11-11,Android Browser,139408
2016-11-11,Opera,101638
2016-11-11,Amazon Silk,67960
2016-11-11,Opera Mini,58111
2016-11-11,UC Browser,38908
2016-11-11,BlackBerry,12071
2016-11-11,ELB-HealthChecker,11290
2016-11-11,YaBrowser,10508
2016-11-11,Maxthon,4333
2016-11-11,Mozilla Compatible Agent,3954
2016-11-11,Coc Coc,3736
2016-11-11,SeaMonkey,2283
2016-11-11,osee2unifiedRelease,1420
2016-11-11,Mozilla,1134
2016-11-11,Iron,1075
2016-11-11,MRCHROME,923
2016-11-11,IE with Chrome Frame,722
2016-11-11,Nokia Browser,658
2016-11-11,Nintendo Browser,387
2016-11-11,Job Search,284
2016-11-11,NetFront,238
2016-11-11,Playstation Vita Browser,223
2016-11-11,Tracker,177
2016-11-11,(not set),174
2016-11-11,Nichrome,174
2016-11-11,Playstation 3,170
2016-11-11,YE,167
2016-11-11,DDG-Android-3.0.14,160
2016-11-11,Caremark iPhone,145
2016-11-11,ios-app,124
2016-11-11,Netscape,109
2016-11-11,Uzbl,107
2016-11-11,AdobeAIR,104
2016-11-12,Chrome,7143493
2016-11-12,Safari,4899924
2016-11-12,Internet Explorer,1202802
2016-11-12,Firefox,1077485
2016-11-12,Edge,570388
2016-11-12,Safari (in-app),478205
2016-11-12,Android Browser,125193
2016-11-12,Opera,86681
2016-11-12,Amazon Silk,64405
2016-11-12,Opera Mini,52405
2016-11-12,UC Browser,36073
2016-11-12,ELB-HealthChecker,11286
2016-11-12,BlackBerry,10407
2016-11-12,YaBrowser,8995
2016-11-12,Maxthon,3667
2016-11-12,Mozilla Compatible Agent,3504
2016-11-12,Coc Coc,3039
2016-11-12,SeaMonkey,1831
2016-11-12,Iron,905
2016-11-12,MRCHROME,759
2016-11-12,Mozilla,721
2016-11-12,osee2unifiedRelease,648
2016-11-12,Nokia Browser,626
2016-11-12,Nintendo Browser,352
2016-11-12,Job Search,317
2016-11-12,NetFront,241
2016-11-12,IE with Chrome Frame,235
2016-11-12,Playstation Vita Browser,213
2016-11-12,DDG-Android-3.0.14,198
2016-11-12,Tracker,179
2016-11-12,Playstation 3,172
2016-11-12,Nichrome,160
2016-11-12,Netscape,135
2016-11-12,YelpWebView,129
2016-11-12,YE,120
2016-11-12,Caremark iPhone,116
2016-11-12,(not set),115
2016-11-12,ios-app,111
2016-11-12,Uzbl,104
2016-11-13,Chrome,7695713
2016-11-13,Safari,4624229
2016-11-13,Internet Explorer,1209522
2016-11-13,Firefox,1146288
2016-11-13,Edge,638701
2016-11-13,Safari (in-app),554103
2016-11-13,Android Browser,138878
2016-11-13,Opera,89489
2016-11-13,Amazon Silk,66449
2016-11-13,Opera Mini,60163
2016-11-13,UC Browser,38620
2016-11-13,BlackBerry,11343
2016-11-13,ELB-HealthChecker,11260
2016-11-13,YaBrowser,10437
2016-11-13,Maxthon,4185
2016-11-13,Coc Coc,3596
2016-11-13,Mozilla Compatible Agent,3093
2016-11-13,SeaMonkey,1814
2016-11-13,Iron,941
2016-11-13,MRCHROME,838
2016-11-13,Nokia Browser,729
2016-11-13,Mozilla,680
2016-11-13,Nintendo Browser,356
2016-11-13,osee2unifiedRelease,322
2016-11-13,Job Search,287
2016-11-13,IE with Chrome Frame,260
2016-11-13,NetFront,252
2016-11-13,Playstation Vita Browser,193
2016-11-13,Tracker,187
2016-11-13,DDG-Android-3.0.14,167
2016-11-13,Netscape,164
2016-11-13,Playstation 3,162
2016-11-13,Nichrome,151
2016-11-13,YE,145
2016-11-13,(not set),121
2016-11-14,Chrome,13788822
2016-11-14,Safari,6537966
2016-11-14,Internet Explorer,5329977
2016-11-14,Firefox,2285132
2016-11-14,Edge,1020730
2016-11-14,Safari (in-app),525081
2016-11-14,Android Browser,154901
2016-11-14,Opera,100658
2016-11-14,Amazon Silk,72958
2016-11-14,Opera Mini,69456
2016-11-14,UC Browser,44205
2016-11-14,BlackBerry,13560
2016-11-14,YaBrowser,11322
2016-11-14,ELB-HealthChecker,11261
2016-11-14,Maxthon,5406
2016-11-14,Coc Coc,4567
2016-11-14,Mozilla Compatible Agent,4435
2016-11-14,SeaMonkey,2702
2016-11-14,Iron,1014
2016-11-14,IE with Chrome Frame,967
2016-11-14,Mozilla,787
2016-11-14,Nokia Browser,775
2016-11-14,MRCHROME,774
2016-11-14,Nintendo Browser,392
2016-11-14,NetFront,326
2016-11-14,Job Search,308
2016-11-14,pa11y,290
2016-11-14,Playstation 3,205
2016-11-14,Playstation Vita Browser,205
2016-11-14,Tracker,191
2016-11-14,RTLNieuws,184
2016-11-14,Netscape,179
2016-11-14,DDG-Android-3.0.14,172
2016-11-14,osee2unifiedRelease,157
2016-11-14,YE,154
2016-11-14,Nichrome,147
2016-11-14,ios-app,140
2016-11-14,(not set),127
2016-11-14,Caremark iPhone,125
2016-11-15,Chrome,13362017
2016-11-15,Safari,6513199
2016-11-15,Internet Explorer,5324057
2016-11-15,Firefox,2219815
2016-11-15,Edge,986847
2016-11-15,Safari (in-app),489821
2016-11-15,Android Browser,150354
2016-11-15,Opera,99990
2016-11-15,Amazon Silk,73345
2016-11-15,Opera Mini,68310
2016-11-15,UC Browser,42663
2016-11-15,BlackBerry,13320
2016-11-15,ELB-HealthChecker,11247
2016-11-15,YaBrowser,10075
2016-11-15,Maxthon,5050
2016-11-15,Mozilla Compatible Agent,4264
2016-11-15,Coc Coc,4230
2016-11-15,SeaMonkey,2573
2016-11-15,Iron,1018
2016-11-15,MRCHROME,925
2016-11-15,IE with Chrome Frame,909
2016-11-15,Nokia Browser,679
2016-11-15,Mozilla,616
2016-11-15,Nintendo Browser,345
2016-11-15,NetFront,310
2016-11-15,Playstation 3,242
2016-11-15,Playstation Vita Browser,212
2016-11-15,Job Search,210
2016-11-15,Tracker,198
2016-11-15,Nichrome,170
2016-11-15,DDG-Android-3.0.14,169
2016-11-15,YE,166
2016-11-15,Netscape,165
2016-11-15,ios-app,149
2016-11-15,Caremark iPhone,138
2016-11-15,osee2unifiedRelease,126
2016-11-15,AdobeAIR,102
2016-11-16,Chrome,13269097
2016-11-16,Safari,6674699
2016-11-16,Internet Explorer,5205295
2016-11-16,Firefox,2183980
2016-11-16,Edge,973511
2016-11-16,Safari (in-app),497505
2016-11-16,Android Browser,152097
2016-11-16,Opera,103025
2016-11-16,Amazon Silk,73702
2016-11-16,Opera Mini,65999
2016-11-16,UC Browser,43988
2016-11-16,BlackBerry,13453
2016-11-16,ELB-HealthChecker,11286
2016-11-16,YaBrowser,10248
2016-11-16,Maxthon,5287
2016-11-16,Mozilla Compatible Agent,4799
2016-11-16,Coc Coc,4216
2016-11-16,SeaMonkey,2411
2016-11-16,Iron,1042
2016-11-16,IE with Chrome Frame,821
2016-11-16,MRCHROME,816
2016-11-16,Nokia Browser,728
2016-11-16,Mozilla,649
2016-11-16,Nintendo Browser,365
2016-11-16,NetFront,287
2016-11-16,ios-app,218
2016-11-16,YE,212
2016-11-16,Playstation Vita Browser,200
2016-11-16,Nichrome,190
2016-11-16,DDG-Android-3.0.14,187
2016-11-16,Tracker,187
2016-11-16,RTLNieuws,182
2016-11-16,Playstation 3,175
2016-11-16,Job Search,166
2016-11-16,Caremark iPhone,139
2016-11-16,Netscape,139
2016-11-16,osee2unifiedRelease,108
2016-11-16,Phantom Browser,102
2016-11-17,Chrome,12810960
2016-11-17,Safari,6493595
2016-11-17,Internet Explorer,5101792
2016-11-17,Firefox,2125264
2016-11-17,Edge,942020
2016-11-17,Safari (in-app),405344
2016-11-17,Android Browser,148189
2016-11-17,Opera,100034
2016-11-17,Amazon Silk,74190
2016-11-17,Opera Mini,63039
2016-11-17,UC Browser,41516
2016-11-17,BlackBerry,13037
2016-11-17,ELB-HealthChecker,11290
2016-11-17,YaBrowser,10533
2016-11-17,Maxthon,4828
2016-11-17,Mozilla Compatible Agent,4693
2016-11-17,Coc Coc,3993
2016-11-17,SeaMonkey,2495
2016-11-17,Iron,1024
2016-11-17,MRCHROME,834
2016-11-17,IE with Chrome Frame,809
2016-11-17,Nokia Browser,717
2016-11-17,Mozilla,633
2016-11-17,RTLNieuws,569
2016-11-17,Nintendo Browser,377
2016-11-17,NetFront,283
2016-11-17,ios-app,228
2016-11-17,Playstation Vita Browser,225
2016-11-17,YE,194
2016-11-17,Netscape,183
2016-11-17,Job Search,178
2016-11-17,Nichrome,177
2016-11-17,Tracker,177
2016-11-17,Playstation 3,176
2016-11-17,DDG-Android-3.0.14,141
2016-11-17,Caremark iPhone,133
2016-11-17,Android Runtime,129
2016-11-17,osee2unifiedRelease,112
2016-11-17,AdobeAIR,102
2016-11-17,Phantom Browser,101
2016-11-18,Chrome,11079579
2016-11-18,Safari,5840063
2016-11-18,Internet Explorer,4376703
2016-11-18,Firefox,1876222
2016-11-18,Edge,815540
2016-11-18,Safari (in-app),380675
2016-11-18,Android Browser,136772
2016-11-18,Opera,91520
2016-11-18,Amazon Silk,70913
2016-11-18,Opera Mini,53185
2016-11-18,UC Browser,38110
2016-11-18,BlackBerry,12307
2016-11-18,ELB-HealthChecker,11218
2016-11-18,YaBrowser,9486
2016-11-18,Mozilla Compatible Agent,4470
2016-11-18,Maxthon,4136
2016-11-18,Coc Coc,3371
2016-11-18,SeaMonkey,2468
2016-11-18,Iron,931
2016-11-18,MRCHROME,798
2016-11-18,Nokia Browser,774
2016-11-18,IE with Chrome Frame,735
2016-11-18,pa11y,513
2016-11-18,Mozilla,486
2016-11-18,Nintendo Browser,358
2016-11-18,NetFront,291
2016-11-18,Playstation Vita Browser,222
2016-11-18,Netscape,210
2016-11-18,Playstation 3,209
2016-11-18,ios-app,196
2016-11-18,Tracker,179
2016-11-18,YE,158
2016-11-18,Nichrome,150
2016-11-18,DDG-Android-3.0.14,146
2016-11-18,Caremark iPhone,120
2016-11-18,Android Runtime,108
2016-11-19,Chrome,6971006
2016-11-19,Safari,4836031
2016-11-19,Internet Explorer,1286577
2016-11-19,Firefox,1116238
2016-11-19,Edge,599913
2016-11-19,Safari (in-app),317710
2016-11-19,Android Browser,123890
2016-11-19,Opera,80794
2016-11-19,Amazon Silk,68374
2016-11-19,Opera Mini,49639
2016-11-19,UC Browser,35215
2016-11-19,ELB-HealthChecker,11315
2016-11-19,BlackBerry,10567
2016-11-19,YaBrowser,8730
2016-11-19,Mozilla Compatible Agent,3472
2016-11-19,Maxthon,3381
2016-11-19,Coc Coc,2977
2016-11-19,SeaMonkey,1968
2016-11-19,Iron,755
2016-11-19,MRCHROME,753
2016-11-19,Nokia Browser,668
2016-11-19,Nintendo Browser,350
2016-11-19,Mozilla,290
2016-11-19,NetFront,268
2016-11-19,IE with Chrome Frame,237
2016-11-19,Playstation 3,183
2016-11-19,Playstation Vita Browser,171
2016-11-19,Nichrome,162
2016-11-19,Tracker,162
2016-11-19,ios-app,148
2016-11-19,DDG-Android-3.0.14,146
2016-11-19,Netscape,142
2016-11-19,YE,130
2016-11-19,YelpWebView,116
2016-11-19,Caremark iPhone,104
2016-11-20,Chrome,7245102
2016-11-20,Safari,4640024
2016-11-20,Internet Explorer,1263007
2016-11-20,Firefox,1153985
2016-11-20,Edge,653063
2016-11-20,Safari (in-app),375891
2016-11-20,Android Browser,125542
2016-11-20,Opera,82132
2016-11-20,Amazon Silk,69529
2016-11-20,Opera Mini,56110
2016-11-20,UC Browser,39581
2016-11-20,ELB-HealthChecker,11288
2016-11-20,BlackBerry,10580
2016-11-20,YaBrowser,8856
2016-11-20,Maxthon,3877
2016-11-20,Coc Coc,3340
2016-11-20,Mozilla Compatible Agent,3143
2016-11-20,SeaMonkey,1787
2016-11-20,Iron,737
2016-11-20,MRCHROME,730
2016-11-20,Nokia Browser,671
2016-11-20,Nintendo Browser,402
2016-11-20,Mozilla,341
2016-11-20,NetFront,289
2016-11-20,IE with Chrome Frame,259
2016-11-20,Playstation 3,208
2016-11-20,Tracker,174
2016-11-20,Netscape,168
2016-11-20,Nichrome,168
2016-11-20,Playstation Vita Browser,162
2016-11-20,DDG-Android-3.0.14,151
2016-11-20,YE,129
2016-11-20,Caremark iPhone,101
2016-11-21,Chrome,12865109
2016-11-21,Safari,6374575
2016-11-21,Internet Explorer,5158559
2016-11-21,Firefox,2204875
2016-11-21,Edge,973290
2016-11-21,Safari (in-app),373450
2016-11-21,Android Browser,146587
2016-11-21,Opera,95700
2016-11-21,Amazon Silk,72696
2016-11-21,Opera Mini,64085
2016-11-21,UC Browser,42824
2016-11-21,BlackBerry,12861
2016-11-21,ELB-HealthChecker,11221
2016-11-21,YaBrowser,9347
2016-11-21,Maxthon,5075
2016-11-21,Mozilla Compatible Agent,4529
2016-11-21,Coc Coc,4140
2016-11-21,SeaMonkey,2654
2016-11-21,Iron,883
2016-11-21,IE with Chrome Frame,879
2016-11-21,MRCHROME,787
2016-11-21,Nokia Browser,727
2016-11-21,Mozilla,445
2016-11-21,Nintendo Browser,371
2016-11-21,NetFront,302
2016-11-21,Playstation 3,207
2016-11-21,ios-app,202
2016-11-21,Playstation Vita Browser,183
2016-11-21,Nichrome,177
2016-11-21,Tracker,176
2016-11-21,DDG-Android-3.0.14,171
2016-11-21,YE,168
2016-11-21,Netscape,155
2016-11-21,Caremark iPhone,142
2016-11-21,YelpWebView,106
2016-11-22,Chrome,12175225
2016-11-22,Safari,6143410
2016-11-22,Internet Explorer,4928816
2016-11-22,Firefox,2062567
2016-11-22,Edge,888596
2016-11-22,Safari (in-app),381806
2016-11-22,Android Browser,148330
2016-11-22,Amazon Silk,70459
2016-11-22,Opera Mini,65569
2016-11-22,Opera,56432
2016-11-22,UC Browser,44844
2016-11-22,BlackBerry,13192
2016-11-22,YaBrowser,5869
2016-11-22,Maxthon,4745
2016-11-22,Mozilla Compatible Agent,4422
2016-11-22,Coc Coc,3808
2016-11-22,SeaMonkey,2477
2016-11-22,IE with Chrome Frame,857
2016-11-22,Nokia Browser,760
2016-11-22,Mozilla,498
2016-11-22,MRCHROME,440
2016-11-22,Iron,353
2016-11-22,Nintendo Browser,343
2016-11-22,NetFront,292
2016-11-22,Playstation Vita Browser,201
2016-11-22,ios-app,174
2016-11-22,Playstation 3,157
2016-11-22,DDG-Android-3.0.14,155
2016-11-22,YE,154
2016-11-22,Caremark iPhone,133
2016-11-22,Netscape,102
2016-11-23,Chrome,10262734
2016-11-23,Safari,5611677
2016-11-23,Internet Explorer,3821704
2016-11-23,Firefox,1727018
2016-11-23,Edge,738232
2016-11-23,Safari (in-app),352499
2016-11-23,Android Browser,143644
2016-11-23,Amazon Silk,65200
2016-11-23,Opera Mini,63288
2016-11-23,Opera,53438
2016-11-23,UC Browser,44683
2016-11-23,BlackBerry,12630
2016-11-23,YaBrowser,5939
2016-11-23,Maxthon,4473
2016-11-23,Mozilla Compatible Agent,4189
2016-11-23,Coc Coc,3494
2016-11-23,SeaMonkey,2317
2016-11-23,Mozilla,757
2016-11-23,IE with Chrome Frame,745
2016-11-23,Nokia Browser,721
2016-11-23,MRCHROME,397
2016-11-23,Nintendo Browser,395
2016-11-23,Iron,337
2016-11-23,NetFront,311
2016-11-23,Playstation Vita Browser,174
2016-11-23,ios-app,173
2016-11-23,DDG-Android-3.0.14,167
2016-11-23,Playstation 3,158
2016-11-23,YE,141
2016-11-23,Caremark iPhone,132
2016-11-23,Netscape,131
2016-11-24,Chrome,6277845
2016-11-24,Safari,3886012
2016-11-24,Internet Explorer,1051313
2016-11-24,Firefox,963335
2016-11-24,Edge,433089
2016-11-24,Safari (in-app),241055
2016-11-24,Android Browser,126416
2016-11-24,Opera Mini,59993
2016-11-24,Amazon Silk,53838
2016-11-24,Opera,42811
2016-11-24,UC Browser,42667
2016-11-24,BlackBerry,10897
2016-11-24,YaBrowser,5229
2016-11-24,Maxthon,3550
2016-11-24,Coc Coc,3370
2016-11-24,Mozilla Compatible Agent,3015
2016-11-24,SeaMonkey,1537
2016-11-24,Mozilla,758
2016-11-24,Nokia Browser,719
2016-11-24,IE with Chrome Frame,429
2016-11-24,MRCHROME,344
2016-11-24,Nintendo Browser,271
2016-11-24,NetFront,270
2016-11-24,Iron,229
2016-11-24,Playstation Vita Browser,162
2016-11-24,Netscape,124
2016-11-24,DDG-Android-3.0.14,122
2016-11-24,Playstation 3,118
2016-11-24,YE,114
2016-11-24,SpeedaNewsPicks,113
2016-11-24,ios-app,103
2016-11-25,Chrome,7735043
2016-11-25,Safari,4974752
2016-11-25,Internet Explorer,1988487
2016-11-25,Firefox,1243110
2016-11-25,Edge,612662
2016-11-25,Safari (in-app),302872
2016-11-25,Android Browser,128272
2016-11-25,Amazon Silk,65439
2016-11-25,Opera Mini,53081
2016-11-25,Opera,44770
2016-11-25,UC Browser,39373
2016-11-25,BlackBerry,11016
2016-11-25,YaBrowser,5079
2016-11-25,Mozilla Compatible Agent,3953
2016-11-25,Maxthon,3521
2016-11-25,Coc Coc,2886
2016-11-25,SeaMonkey,2034
2016-11-25,Mozilla,1157
2016-11-25,Nokia Browser,660
2016-11-25,IE with Chrome Frame,477
2016-11-25,MRCHROME,359
2016-11-25,Nintendo Browser,287
2016-11-25,Iron,277
2016-11-25,NetFront,235
2016-11-25,ios-app,234
2016-11-25,Playstation Vita Browser,147
2016-11-25,Netscape,132
2016-11-25,Caremark iPhone,130
2016-11-25,DDG-Android-3.0.14,127
2016-11-25,Playstation 3,123
2016-11-25,YE,121
2016-11-26,Chrome,6746132
2016-11-26,Safari,4747783
2016-11-26,Internet Explorer,1148898
2016-11-26,Firefox,1045520
2016-11-26,Edge,576512
2016-11-26,Safari (in-app),285896
2016-11-26,Android Browser,121495
2016-11-26,Amazon Silk,65081
2016-11-26,Opera Mini,48978
2016-11-26,Opera,40158
2016-11-26,UC Browser,37042
2016-11-26,BlackBerry,9903
2016-11-26,YaBrowser,4766
2016-11-26,Mozilla Compatible Agent,3527
2016-11-26,Maxthon,3100
2016-11-26,Coc Coc,2577
2016-11-26,SeaMonkey,1836
2016-11-26,Mozilla,1038
2016-11-26,Nokia Browser,597
2016-11-26,MRCHROME,376
2016-11-26,Nintendo Browser,334
2016-11-26,NetFront,252
2016-11-26,Iron,202
2016-11-26,Playstation Vita Browser,176
2016-11-26,IE with Chrome Frame,174
2016-11-26,Playstation 3,155
2016-11-26,DDG-Android-3.0.14,151
2016-11-26,Caremark iPhone,150
2016-11-26,YE,145
2016-11-26,ios-app,133
2016-11-27,Chrome,7496338
2016-11-27,Safari,4929702
2016-11-27,Internet Explorer,1254535
2016-11-27,Firefox,1159255
2016-11-27,Edge,686823
2016-11-27,Safari (in-app),305458
2016-11-27,Android Browser,126589
2016-11-27,Amazon Silk,70441
2016-11-27,Opera Mini,54696
2016-11-27,Opera,42648
2016-11-27,UC Browser,41504
2016-11-27,BlackBerry,10126
2016-11-27,YaBrowser,5162
2016-11-27,Maxthon,3381
2016-11-27,Mozilla Compatible Agent,3380
2016-11-27,Coc Coc,3032
2016-11-27,SeaMonkey,1825
2016-11-27,Mozilla,1121
2016-11-27,Nokia Browser,720
2016-11-27,MRCHROME,401
2016-11-27,Nintendo Browser,375
2016-11-27,NetFront,258
2016-11-27,IE with Chrome Frame,238
2016-11-27,Playstation 3,211
2016-11-27,Playstation Vita Browser,180
2016-11-27,Iron,173
2016-11-27,DDG-Android-3.0.14,144
2016-11-27,Caremark iPhone,128
2016-11-27,YE,124
2016-11-27,Netscape,114
2016-11-28,Chrome,13817555
2016-11-28,Safari,6997872
2016-11-28,Internet Explorer,5410611
2016-11-28,Firefox,2304028
2016-11-28,Edge,1077411
2016-11-28,Safari (in-app),334633
2016-11-28,Android Browser,146182
2016-11-28,Amazon Silk,77922
2016-11-28,Opera Mini,62027
2016-11-28,Opera,58184
2016-11-28,UC Browser,45210
2016-11-28,BlackBerry,12778
2016-11-28,YaBrowser,5950
2016-11-28,Mozilla Compatible Agent,4890
2016-11-28,Maxthon,4833
2016-11-28,Coc Coc,3914
2016-11-28,SeaMonkey,2849
2016-11-28,Mozilla,1548
2016-11-28,IE with Chrome Frame,860
2016-11-28,Nokia Browser,719
2016-11-28,MRCHROME,415
2016-11-28,Nintendo Browser,390
2016-11-28,Iron,378
2016-11-28,NetFront,282
2016-11-28,ios-app,231
2016-11-28,Playstation 3,180
2016-11-28,Playstation Vita Browser,177
2016-11-28,Caremark iPhone,171
2016-11-28,DDG-Android-3.0.14,154
2016-11-28,YE,151
2016-11-28,Netscape,126
2016-11-28,Job Search,110
2016-11-29,Chrome,14130463
2016-11-29,Safari,7306765
2016-11-29,Internet Explorer,5484675
2016-11-29,Firefox,2343702
2016-11-29,Edge,1080792
2016-11-29,Safari (in-app),343346
2016-11-29,Android Browser,146846
2016-11-29,Amazon Silk,79586
2016-11-29,Opera Mini,61243
2016-11-29,Opera,59217
2016-11-29,UC Browser,45651
2016-11-29,BlackBerry,13142
2016-11-29,YaBrowser,5783
2016-11-29,Mozilla Compatible Agent,5333
2016-11-29,Maxthon,4887
2016-11-29,Coc Coc,4300
2016-11-29,SeaMonkey,2539
2016-11-29,Mozilla,1696
2016-11-29,IE with Chrome Frame,930
2016-11-29,Nokia Browser,790
2016-11-29,MRCHROME,433
2016-11-29,Nintendo Browser,379
2016-11-29,Iron,342
2016-11-29,ios-app,341
2016-11-29,NetFront,262
2016-11-29,Playstation 3,227
2016-11-29,Playstation Vita Browser,182
2016-11-29,DDG-Android-3.0.14,160
2016-11-29,Caremark iPhone,154
2016-11-29,Netscape,154
2016-11-29,YE,152
2016-11-30,Chrome,14114392
2016-11-30,Safari,7617079
2016-11-30,Internet Explorer,5376115
2016-11-30,Firefox,2312163
2016-11-30,Edge,1071195
2016-11-30,Safari (in-app),329502
2016-11-30,Android Browser,147531
2016-11-30,Amazon Silk,80636
2016-11-30,Opera Mini,60628
2016-11-30,Opera,59047
2016-11-30,UC Browser,46421
2016-11-30,BlackBerry,13049
2016-11-30,Mozilla Compatible Agent,5700
2016-11-30,YaBrowser,5558
2016-11-30,Maxthon,5120
2016-11-30,Coc Coc,3837
2016-11-30,SeaMonkey,2683
2016-11-30,Mozilla,1891
2016-11-30,IE with Chrome Frame,836
2016-11-30,Nokia Browser,759
2016-11-30,MRCHROME,432
2016-11-30,Nintendo Browser,422
2016-11-30,ios-app,378
2016-11-30,Iron,351
2016-11-30,NetFront,276
2016-11-30,Playstation 3,201
2016-11-30,DDG-Android-3.0.14,185
2016-11-30,osee2unifiedRelease,179
2016-11-30,Caremark iPhone,178
2016-11-30,Netscape,177
2016-11-30,YE,170
2016-11-30,Playstation Vita Browser,163
2016-12-01,Chrome,13667865
2016-12-01,Safari,7606661
2016-12-01,Internet Explorer,5122619
2016-12-01,Firefox,2196788
2016-12-01,Edge,1010004
2016-12-01,Safari (in-app),356973
2016-12-01,Android Browser,143786
2016-12-01,Amazon Silk,77574
2016-12-01,Opera Mini,60376
2016-12-01,Opera,57740
2016-12-01,UC Browser,44882
2016-12-01,BlackBerry,13070
2016-12-01,YaBrowser,6028
2016-12-01,Mozilla Compatible Agent,5567
2016-12-01,Maxthon,4789
2016-12-01,Coc Coc,3652
2016-12-01,SeaMonkey,2476
2016-12-01,Mozilla,1771
2016-12-01,Nokia Browser,769
2016-12-01,IE with Chrome Frame,743
2016-12-01,ios-app,439
2016-12-01,MRCHROME,429
2016-12-01,Nintendo Browser,357
2016-12-01,Iron,309
2016-12-01,NetFront,275
2016-12-01,Caremark iPhone,203
2016-12-01,Playstation 3,160
2016-12-01,DDG-Android-3.0.14,141
2016-12-01,Netscape,139
2016-12-01,Playstation Vita Browser,135
2016-12-01,YE,124
2016-12-01,osee2unifiedRelease,112
2016-12-02,Chrome,12168759
2016-12-02,Safari,7076980
2016-12-02,Internet Explorer,4497300
2016-12-02,Firefox,1992244
2016-12-02,Edge,903103
2016-12-02,Safari (in-app),323936
2016-12-02,Android Browser,132388
2016-12-02,Amazon Silk,74177
2016-12-02,Opera,52808
2016-12-02,Opera Mini,51724
2016-12-02,UC Browser,39457
2016-12-02,BlackBerry,11694
2016-12-02,YaBrowser,5526
2016-12-02,Mozilla Compatible Agent,5193
2016-12-02,Maxthon,4128
2016-12-02,Coc Coc,3193
2016-12-02,SeaMonkey,2525
2016-12-02,Mozilla,1559
2016-12-02,Nokia Browser,663
2016-12-02,IE with Chrome Frame,627
2016-12-02,MRCHROME,418
2016-12-02,ios-app,411
2016-12-02,Nintendo Browser,366
2016-12-02,Iron,289
2016-12-02,NetFront,204
2016-12-02,Caremark iPhone,190
2016-12-02,Playstation 3,172
2016-12-02,YE,153
2016-12-02,DDG-Android-3.0.14,149
2016-12-02,Playstation Vita Browser,143
2016-12-02,Netscape,125
2016-12-03,Chrome,7757090
2016-12-03,Safari,5848790
2016-12-03,Internet Explorer,1384542
2016-12-03,Firefox,1195329
2016-12-03,Edge,684119
2016-12-03,Safari (in-app),288169
2016-12-03,Android Browser,121604
2016-12-03,Amazon Silk,74113
2016-12-03,Opera Mini,46517
2016-12-03,Opera,43878
2016-12-03,UC Browser,36347
2016-12-03,BlackBerry,10273
2016-12-03,YaBrowser,4771
2016-12-03,Mozilla Compatible Agent,4234
2016-12-03,Maxthon,3244
2016-12-03,Coc Coc,2716
2016-12-03,SeaMonkey,2015
2016-12-03,Mozilla,1095
2016-12-03,Nokia Browser,568
2016-12-03,Nintendo Browser,411
2016-12-03,MRCHROME,367
2016-12-03,ios-app,286
2016-12-03,IE with Chrome Frame,245
2016-12-03,NetFront,224
2016-12-03,Playstation 3,199
2016-12-03,Playstation Vita Browser,174
2016-12-03,Iron,172
2016-12-03,DDG-Android-3.0.14,153
2016-12-03,Caremark iPhone,138
2016-12-03,YE,138
2016-12-03,Netscape,122
2016-12-03,Emb,111
2016-12-03,YelpWebView,111
2016-12-04,Chrome,7904819
2016-12-04,Safari,5455173
2016-12-04,Internet Explorer,1369411
2016-12-04,Firefox,1213142
2016-12-04,Edge,740549
2016-12-04,Safari (in-app),275907
2016-12-04,Android Browser,123374
2016-12-04,Amazon Silk,76671
2016-12-04,Opera Mini,50795
2016-12-04,Opera,43704
2016-12-04,UC Browser,39268
2016-12-04,BlackBerry,10219
2016-12-04,YaBrowser,5012
2016-12-04,Mozilla Compatible Agent,3825
2016-12-04,Maxthon,3690
2016-12-04,Coc Coc,3161
2016-12-04,SeaMonkey,1904
2016-12-04,Mozilla,884
2016-12-04,Nokia Browser,676
2016-12-04,MRCHROME,389
2016-12-04,Nintendo Browser,387
2016-12-04,IE with Chrome Frame,262
2016-12-04,NetFront,248
2016-12-04,Playstation 3,229
2016-12-04,Iron,219
2016-12-04,ios-app,178
2016-12-04,Playstation Vita Browser,169
2016-12-04,DDG-Android-3.0.14,167
2016-12-04,YE,138
2016-12-04,Netscape,128
2016-12-04,Caremark iPhone,127
2016-12-05,Chrome,14596783
2016-12-05,Safari,7929438
2016-12-05,Internet Explorer,5625013
2016-12-05,Firefox,2425252
2016-12-05,Edge,1151579
2016-12-05,Safari (in-app),383055
2016-12-05,Android Browser,147203
2016-12-05,Amazon Silk,86384
2016-12-05,Android Webview,82601
2016-12-05,Opera,60309
2016-12-05,Opera Mini,58280
2016-12-05,UC Browser,42025
2016-12-05,BlackBerry,12742
2016-12-05,YaBrowser,5899
2016-12-05,Mozilla Compatible Agent,5631
2016-12-05,Maxthon,5164
2016-12-05,Coc Coc,3657
2016-12-05,SeaMonkey,3041
2016-12-05,Mozilla,1097
2016-12-05,IE with Chrome Frame,870
2016-12-05,Nokia Browser,680
2016-12-05,Nintendo Browser,446
2016-12-05,MRCHROME,406
2016-12-05,ios-app,391
2016-12-05,Iron,310
2016-12-05,Playstation Vita Browser,237
2016-12-05,NetFront,235
2016-12-05,Playstation 3,225
2016-12-05,Caremark iPhone,184
2016-12-05,DDG-Android-3.0.14,179
2016-12-05,YE,152
2016-12-05,Netscape,130
2016-12-06,Chrome,13961975
2016-12-06,Safari,7635078
2016-12-06,Internet Explorer,5554983
2016-12-06,Firefox,2360341
2016-12-06,Edge,1103527
2016-12-06,Safari (in-app),335170
2016-12-06,Android Webview,263105
2016-12-06,Android Browser,144089
2016-12-06,Amazon Silk,86195
2016-12-06,Opera,58780
2016-12-06,Opera Mini,58772
2016-12-06,UC Browser,42595
2016-12-06,BlackBerry,13118
2016-12-06,YaBrowser,6817
2016-12-06,Mozilla Compatible Agent,5589
2016-12-06,Maxthon,5262
2016-12-06,Coc Coc,3747
2016-12-06,SeaMonkey,2865
2016-12-06,IE with Chrome Frame,824
2016-12-06,Mozilla,812
2016-12-06,Nokia Browser,692
2016-12-06,MRCHROME,501
2016-12-06,Nintendo Browser,376
2016-12-06,ios-app,364
2016-12-06,Iron,321
2016-12-06,NetFront,244
2016-12-06,Playstation Vita Browser,186
2016-12-06,Playstation 3,184
2016-12-06,DDG-Android-3.0.14,176
2016-12-06,Caremark iPhone,164
2016-12-06,YE,127
2016-12-06,Netscape,107
2016-12-07,Chrome,13995864
2016-12-07,Safari,7625071
2016-12-07,Internet Explorer,5435090
2016-12-07,Firefox,2341992
2016-12-07,Edge,1079095
2016-12-07,Safari (in-app),336058
2016-12-07,Android Browser,141556
2016-12-07,Amazon Silk,86978
2016-12-07,Opera,58407
2016-12-07,Opera Mini,57037
2016-12-07,UC Browser,43082
2016-12-07,BlackBerry,12778
2016-12-07,YaBrowser,6147
2016-12-07,Mozilla Compatible Agent,5276
2016-12-07,Maxthon,4899
2016-12-07,Coc Coc,3401
2016-12-07,SeaMonkey,2730
2016-12-07,Mozilla,829
2016-12-07,IE with Chrome Frame,717
2016-12-07,Nokia Browser,710
2016-12-07,pa11y,527
2016-12-07,Nintendo Browser,453
2016-12-07,MRCHROME,425
2016-12-07,ios-app,413
2016-12-07,Iron,347
2016-12-07,NetFront,255
2016-12-07,Playstation Vita Browser,178
2016-12-07,DDG-Android-3.0.14,169
2016-12-07,Playstation 3,168
2016-12-07,YE,141
2016-12-07,Caremark iPhone,140
2016-12-07,Netscape,137
2016-12-08,Chrome,13913937
2016-12-08,Safari,7761082
2016-12-08,Internet Explorer,5343675
2016-12-08,Firefox,2337222
2016-12-08,Edge,1066640
2016-12-08,Safari (in-app),398095
2016-12-08,Android Browser,145166
2016-12-08,Amazon Silk,91911
2016-12-08,Opera,57929
2016-12-08,Opera Mini,55522
2016-12-08,UC Browser,42342
2016-12-08,BlackBerry,13219
2016-12-08,YaBrowser,6116
2016-12-08,Mozilla Compatible Agent,5600
2016-12-08,Maxthon,4733
2016-12-08,Coc Coc,3353
2016-12-08,SeaMonkey,3001
2016-12-08,Mozilla,827
2016-12-08,Nokia Browser,686
2016-12-08,IE with Chrome Frame,642
2016-12-08,ios-app,503
2016-12-08,Nintendo Browser,445
2016-12-08,MRCHROME,414
2016-12-08,Iron,294
2016-12-08,NetFront,239
2016-12-08,DDG-Android-3.0.14,234
2016-12-08,Playstation 3,218
2016-12-08,Caremark iPhone,217
2016-12-08,Playstation Vita Browser,158
2016-12-08,YE,157
2016-12-08,Netscape,144
2016-12-09,Chrome,12256655
2016-12-09,Safari,7035042
2016-12-09,Internet Explorer,4637759
2016-12-09,Firefox,2082698
2016-12-09,Edge,940205
2016-12-09,Safari (in-app),343130
2016-12-09,Android Browser,135286
2016-12-09,Amazon Silk,85036
2016-12-09,Opera,52915
2016-12-09,Opera Mini,48407
2016-12-09,UC Browser,38440
2016-12-09,BlackBerry,11782
2016-12-09,YaBrowser,5680
2016-12-09,Mozilla Compatible Agent,5162
2016-12-09,Maxthon,4292
2016-12-09,Coc Coc,2945
2016-12-09,SeaMonkey,2750
2016-12-09,Mozilla,804
2016-12-09,Nokia Browser,639
2016-12-09,IE with Chrome Frame,611
2016-12-09,MRCHROME,427
2016-12-09,ios-app,399
2016-12-09,Nintendo Browser,393
2016-12-09,Iron,288
2016-12-09,NetFront,218
2016-12-09,Caremark iPhone,196
2016-12-09,Playstation 3,194
2016-12-09,DDG-Android-3.0.14,181
2016-12-09,Playstation Vita Browser,168
2016-12-09,Netscape,166
2016-12-09,YE,111
2016-12-10,Chrome,7824094
2016-12-10,Safari,5889635
2016-12-10,Internet Explorer,1498813
2016-12-10,Firefox,1258150
2016-12-10,Edge,705857
2016-12-10,Safari (in-app),301037
2016-12-10,Android Browser,124567
2016-12-10,Amazon Silk,83265
2016-12-10,Opera Mini,45497
2016-12-10,Opera,42854
2016-12-10,UC Browser,35175
2016-12-10,BlackBerry,10478
2016-12-10,YaBrowser,4972
2016-12-10,Mozilla Compatible Agent,4057
2016-12-10,Maxthon,3241
2016-12-10,Coc Coc,2569
2016-12-10,SeaMonkey,2203
2016-12-10,Mozilla,630
2016-12-10,Nokia Browser,624
2016-12-10,Nintendo Browser,459
2016-12-10,MRCHROME,423
2016-12-10,ios-app,296
2016-12-10,IE with Chrome Frame,236
2016-12-10,Iron,231
2016-12-10,NetFront,223
2016-12-10,Playstation Vita Browser,173
2016-12-10,DDG-Android-3.0.14,172
2016-12-10,Playstation 3,172
2016-12-10,Netscape,160
2016-12-10,YE,136
2016-12-10,Caremark iPhone,132
2016-12-11,Chrome,7877043
2016-12-11,Safari,5575282
2016-12-11,Internet Explorer,1446588
2016-12-11,Firefox,1248009
2016-12-11,Edge,739853
2016-12-11,Safari (in-app),305703
2016-12-11,Android Browser,123678
2016-12-11,Amazon Silk,85608
2016-12-11,Opera Mini,46481
2016-12-11,Opera,42824
2016-12-11,UC Browser,36290
2016-12-11,BlackBerry,10338
2016-12-11,YaBrowser,5436
2016-12-11,Mozilla Compatible Agent,3545
2016-12-11,Maxthon,3511
2016-12-11,Coc Coc,3007
2016-12-11,SeaMonkey,2024
2016-12-11,Nokia Browser,649
2016-12-11,Mozilla,538
2016-12-11,Nintendo Browser,444
2016-12-11,MRCHROME,401
2016-12-11,IE with Chrome Frame,251
2016-12-11,NetFront,228
2016-12-11,Playstation 3,204
2016-12-11,ios-app,202
2016-12-11,Iron,187
2016-12-11,Playstation Vita Browser,180
2016-12-11,DDG-Android-3.0.14,172
2016-12-11,Caremark iPhone,133
2016-12-11,Netscape,116
2016-12-11,YE,110
2016-12-12,Chrome,14201980
2016-12-12,Safari,7636234
2016-12-12,Internet Explorer,5646677
2016-12-12,Firefox,2410763
2016-12-12,Edge,1122534
2016-12-12,Safari (in-app),367779
2016-12-12,Android Browser,139241
2016-12-12,Amazon Silk,87666
2016-12-12,Opera,58092
2016-12-12,Opera Mini,53449
2016-12-12,UC Browser,38640
2016-12-12,BlackBerry,12108
2016-12-12,YaBrowser,6418
2016-12-12,Mozilla Compatible Agent,5550
2016-12-12,Maxthon,5025
2016-12-12,Coc Coc,3578
2016-12-12,SeaMonkey,3014
2016-12-12,IE with Chrome Frame,784
2016-12-12,Mozilla,736
2016-12-12,Nokia Browser,627
2016-12-12,MRCHROME,445
2016-12-12,ios-app,405
2016-12-12,Nintendo Browser,387
2016-12-12,Iron,362
2016-12-12,NetFront,231
2016-12-12,DDG-Android-3.0.14,200
2016-12-12,Playstation Vita Browser,195
2016-12-12,Caremark iPhone,178
2016-12-12,Playstation 3,166
2016-12-12,YE,131
2016-12-12,Netscape,128
2016-12-13,Chrome,13903553
2016-12-13,Safari,7530027
2016-12-13,Internet Explorer,5567451
2016-12-13,Firefox,2353557
2016-12-13,Edge,1084664
2016-12-13,Safari (in-app),356451
2016-12-13,Android Browser,140475
2016-12-13,Amazon Silk,87757
2016-12-13,Android Webview,86214
2016-12-13,Opera,57524
2016-12-13,Opera Mini,54213
2016-12-13,UC Browser,40973
2016-12-13,BlackBerry,12096
2016-12-13,YaBrowser,6059
2016-12-13,Mozilla Compatible Agent,5425
2016-12-13,Maxthon,4755
2016-12-13,Coc Coc,3447
2016-12-13,SeaMonkey,2775
2016-12-13,IE with Chrome Frame,809
2016-12-13,Mozilla,640
2016-12-13,Nokia Browser,626
2016-12-13,ios-app,436
2016-12-13,Nintendo Browser,418
2016-12-13,MRCHROME,417
2016-12-13,Iron,333
2016-12-13,NetFront,255
2016-12-13,Caremark iPhone,209
2016-12-13,Playstation 3,207
2016-12-13,DDG-Android-3.0.14,189
2016-12-13,Playstation Vita Browser,176
2016-12-13,YE,124